Calls,Bookings Count,Pending Margin,Pending Count,Same Month Margin,Same Month Count
0.0,15.0,719.25,6.0,216.05,7.0
100.0,145.0,2801.61,48.0,4313.66,89.0
90.0,122.0,1187.54,15.0,8361.28,89.0
0.0,12.0,84.12,2.0,321.16,6.0
107.0,73.0,697.9,10.0,1938.06,38.0
121.0,141.0,2219.63,16.0,6411.03,102.0
107.0,99.0,625.05,11.0,2989.42,59.0
118.0,101.0,-109.61,10.0,3995.33,73.0
91.0,148.0,753.86,10.0,5678.95,82.0
105.0,86.0,1455.01,5.0,2298.3,54.0
106.0,123.0,1798.95,15.0,4425.87,83.0
115.0,159.0,2382.27,23.0,4799.22,87.0
98.0,148.0,2744.2,16.0,5513.64,93.0
0.0,12.0,59.92,2.0,295.68,9.0
102.0,131.0,830.9,12.0,5986.91,75.0
126.0,128.0,1212.8,12.0,3296.44,68.0
125.0,82.0,444.44,3.0,2849.69,56.0
111.0,125.0,1600.58,9.0,8146.48,93.0
105.0,127.0,669.56,14.0,3646.16,82.0
113.0,129.0,595.1,8.0,3647.91,82.0
148.0,132.0,615.14,11.0,5241.96,85.0
0.0,7.0,,0.0,166.67,4.0
122.0,137.0,433.14,9.0,6883.78,112.0
112.0,131.0,812.83,7.0,5930.5,94.0
108.0,133.0,1921.89,13.0,3426.33,85.0
137.0,148.0,803.14,14.0,5084.46,92.0
126.0,126.0,381.34,9.0,6194.9,94.0
0.0,20.0,,0.0,470.14,10.0
116.0,77.0,718.11,12.0,3007.58,59.0
108.0,146.0,270.5,7.0,7285.89,102.0
152.0,127.0,246.39,9.0,3550.97,82.0
101.0,162.0,596.85,9.0,7267.62,113.0
0.0,8.0,,0.0,363.61,11.0
115.0,97.0,386.31,9.0,4577.66,60.0
105.0,145.0,695.17,11.0,4385.02,103.0
118.0,156.0,505.48,8.0,5225.52,107.0
297.0,157.0,612.54,8.0,5811.44,117.0
0.0,152.0,625.69,8.0,6031.09,101.0
118.0,170.0,756.34,11.0,5755.35,100.0
125.0,86.0,352.08,2.0,2597.63,93.0
120.0,174.0,1482.34,11.0,16892.09,127.0
162.0,127.0,1141.53,10.0,5041.1,95.0
168.0,123.0,231.06,6.0,8243.71,123.0
0.0,26.0,80.0,2.0,0.0,0.0
0.0,12.0,,0.0,0.0,0.0
105.0,124.0,278.42,7.0,5361.05,74.0
127.0,118.0,560.56,8.0,6666.66,88.0
0.0,13.0,,0.0,514.17,11.0
109.0,77.0,346.06,4.0,3254.04,54.0
128.0,112.0,632.21,6.0,3921.81,77.0
83.0,120.0,836.14,8.0,4595.78,83.0
108.0,128.0,498.11,8.0,5570.73,84.0
86.0,127.0,479.62,9.0,5422.24,89.0
0.0,9.0,-25.0,1.0,462.04,8.0
111.0,70.0,155.0,5.0,2821.04,45.0
111.0,108.0,697.15,7.0,3004.52,84.0
100.0,116.0,467.53,9.0,5788.96,82.0
117.0,116.0,827.37,12.0,5449.74,84.0
113.0,142.0,250.09,9.0,7934.95,102.0
109.0,134.0,242.13,6.0,6999.66,89.0
0.0,18.0,25.0,1.0,370.32,9.0
137.0,152.0,1692.76,14.0,6590.15,96.0
141.0,136.0,176.52,4.0,3462.46,66.0
132.0,132.0,80.72,4.0,19273.89,144.0
168.0,130.0,365.71,9.0,6749.76,88.0
117.0,127.0,1049.3,9.0,5823.84,86.0
0.0,10.0,86.48,1.0,96.15,8.0
124.0,82.0,377.72,4.0,3016.54,52.0
138.0,113.0,200.63,5.0,4349.43,80.0
117.0,126.0,324.6,5.0,4565.07,85.0
101.0,112.0,745.36,8.0,6113.21,76.0
115.0,132.0,2034.29,11.0,4929.08,76.0
127.0,114.0,395.78,5.0,4764.86,80.0
120.0,114.0,257.69,5.0,4508.03,79.0
136.0,111.0,513.92,9.0,4539.52,75.0
107.0,73.0,19.41,3.0,2611.03,48.0
145.0,126.0,607.59,7.0,6355.66,87.0
137.0,141.0,562.62,9.0,6087.49,111.0
121.0,138.0,84.74,5.0,5641.17,89.0
111.0,78.0,871.76,3.0,5105.22,62.0
134.0,141.0,609.95,10.0,4464.05,100.0
283.0,141.0,510.83,8.0,2347.32,86.0
0.0,14.0,23.21,1.0,2675.86,33.0
159.0,96.0,579.46,6.0,3208.06,57.0
114.0,148.0,829.27,6.0,7243.02,114.0
130.0,127.0,22.72,3.0,5771.05,79.0
104.0,124.0,114.62,1.0,6083.75,95.0
119.0,131.0,-1303.54,6.0,4951.13,87.0
87.0,132.0,359.14,6.0,5703.12,93.0
0.0,8.0,73.5,1.0,391.49,5.0
91.0,80.0,135.96,5.0,4615.45,66.0
116.0,130.0,238.42,7.0,6130.36,90.0
147.0,98.0,328.36,6.0,4927.65,78.0
102.0,89.0,26.5,2.0,3137.34,63.0
104.0,76.0,84.2,3.0,3960.28,59.0
103.0,126.0,319.57,5.0,5762.98,91.0
95.0,127.0,768.45,9.0,5346.44,78.0
127.0,120.0,172.13,5.0,6403.87,97.0
0.0,14.0,67.5,1.0,829.86,10.0
97.0,96.0,495.15,11.0,4087.17,58.0
94.0,134.0,161.96,5.0,6244.29,90.0
123.0,139.0,-3762.47,10.0,4512.54,77.0
112.0,140.0,460.02,3.0,5059.31,80.0
0.0,14.0,,0.0,334.25,11.0
119.0,120.0,257.98,6.0,3330.94,64.0
122.0,128.0,547.91,9.0,-285.66,110.0
102.0,124.0,230.63,3.0,5754.97,91.0
122.0,113.0,282.31,5.0,4435.89,76.0
74.0,127.0,343.05,12.0,6536.2,89.0
0.0,21.0,,0.0,482.96,12.0
109.0,114.0,178.58,2.0,5476.1,95.0
719.0,116.0,307.01,7.0,2714.97,74.0
0.0,134.0,244.92,5.0,6882.18,103.0
0.0,128.0,787.0,4.0,4979.43,84.0
0.0,116.0,738.3,8.0,4102.71,82.0
0.0,126.0,254.62,7.0,5107.37,87.0
70.0,127.0,317.62,5.0,5731.93,90.0
0.0,13.0,,0.0,341.8,10.0
98.0,66.0,143.52,4.0,4977.2,55.0
98.0,143.0,671.76,5.0,7617.65,94.0
82.0,134.0,404.72,8.0,4960.79,77.0
113.0,123.0,260.94,7.0,5437.93,97.0
66.0,140.0,442.52,5.0,5670.08,85.0
186.0,54.0,67.32,4.0,1991.27,35.0
0.0,16.0,,0.0,427.03,8.0
0.0,81.0,26.82,2.0,4642.77,73.0
92.0,142.0,841.79,13.0,6850.49,90.0
80.0,154.0,1101.63,11.0,7331.85,103.0
119.0,158.0,571.37,8.0,4875.58,69.0
130.0,135.0,386.68,4.0,12853.5,160.0
100.0,128.0,175.66,4.0,5029.14,83.0
110.0,93.0,360.0,3.0,4636.18,80.0
82.0,158.0,993.71,5.0,5127.31,121.0
92.0,119.0,468.38,5.0,3221.56,78.0
0.0,4.0,,0.0,289.41,4.0
152.0,83.0,255.13,7.0,3122.41,58.0
125.0,118.0,422.31,2.0,4583.56,87.0
141.0,107.0,2250.6,10.0,4737.05,85.0
178.0,139.0,58.5,4.0,7681.38,98.0
123.0,137.0,890.91,6.0,5379.58,91.0
0.0,10.0,101.5,1.0,135.43,5.0
106.0,145.0,990.98,10.0,6360.15,95.0
0.0,11.0,,0.0,453.07,7.0
94.0,137.0,354.2,9.0,3823.56,90.0
102.0,125.0,74.46,3.0,6118.24,93.0
122.0,145.0,705.71,7.0,7604.37,107.0
67.0,141.0,752.76,10.0,5099.76,74.0
0.0,19.0,31.51,1.0,2339.32,19.0
70.0,64.0,100.0,1.0,2007.16,75.0
107.0,122.0,0.0,2.0,7273.2,98.0
124.0,106.0,1319.69,9.0,4801.98,77.0
97.0,120.0,269.71,5.0,3645.28,88.0
121.0,114.0,827.84,8.0,3950.22,66.0
105.0,116.0,134.26,9.0,5652.12,82.0
101.0,123.0,669.22,7.0,4207.63,80.0
0.0,14.0,341.42,2.0,182.98,9.0
111.0,66.0,39.11,3.0,3409.98,52.0
111.0,120.0,189.75,5.0,5431.35,90.0
114.0,153.0,129.5,4.0,7000.43,108.0
0.0,16.0,,0.0,927.71,11.0
112.0,76.0,199.91,2.0,3500.22,58.0
109.0,142.0,782.33,10.0,5888.24,95.0
138.0,150.0,269.11,9.0,6814.94,94.0
145.0,145.0,633.16,8.0,7961.45,111.0
0.0,13.0,87.5,1.0,270.93,6.0
120.0,96.0,107.54,6.0,4701.61,68.0
160.0,173.0,617.9,5.0,6726.62,91.0
110.0,130.0,91.84,3.0,13980.21,159.0
109.0,159.0,696.83,11.0,6670.56,86.0
0.0,13.0,,0.0,203.68,9.0
96.0,123.0,65.93,3.0,5293.32,92.0
104.0,122.0,876.16,5.0,5149.43,93.0
137.0,136.0,696.48,3.0,5605.6,98.0
109.0,118.0,508.55,3.0,4749.27,80.0
0.0,15.0,,0.0,491.27,7.0
105.0,83.0,121.91,4.0,3779.24,47.0
112.0,125.0,146.51,5.0,5287.61,84.0
137.0,127.0,212.14,5.0,7049.7,77.0
141.0,143.0,352.42,5.0,6038.54,104.0
0.0,11.0,,0.0,450.36,11.0
119.0,86.0,370.24,4.0,2828.07,57.0
122.0,111.0,133.4,4.0,4432.51,73.0
165.0,137.0,580.5,7.0,7241.38,101.0
109.0,150.0,438.52,5.0,4585.65,97.0
0.0,20.0,836.55,1.0,536.08,7.0
133.0,116.0,346.19,6.0,4180.31,80.0
170.0,133.0,133.71,3.0,6436.98,107.0
135.0,172.0,39.98,2.0,7603.94,127.0
146.0,115.0,116.12,3.0,2776.49,73.0
131.0,159.0,312.41,6.0,7588.56,131.0
124.0,120.0,0.0,1.0,4954.27,78.0
141.0,91.0,81.66,4.0,3736.47,77.0
140.0,156.0,666.34,11.0,5572.31,100.0
152.0,136.0,445.15,5.0,4099.52,105.0
142.0,175.0,430.79,9.0,7014.21,113.0
0.0,22.0,324.0,1.0,408.39,16.0
137.0,96.0,104.5,3.0,4081.9,65.0
159.0,159.0,1038.43,8.0,11890.63,109.0
149.0,155.0,324.66,8.0,8751.43,134.0
150.0,176.0,393.88,10.0,7352.15,124.0
160.0,157.0,774.34,8.0,6235.77,113.0
125.0,155.0,363.85,5.0,7553.99,95.0
161.0,98.0,376.16,5.0,4476.43,74.0
150.0,181.0,89.53,3.0,9003.18,127.0
53.0,149.0,969.87,8.0,5263.85,86.0
0.0,45.0,125.53,4.0,1532.18,24.0
0.0,19.0,168.6,1.0,1528.59,30.0
130.0,63.0,729.37,5.0,4576.12,44.0
105.0,91.0,554.27,4.0,5853.34,66.0
52.0,115.0,602.02,5.0,6690.9,78.0
21.0,20.0,7.0,1.0,556.66,12.0
116.0,13.0,63.0,1.0,612.1,11.0
0.0,15.0,,0.0,1339.01,17.0
122.0,45.0,254.14,2.0,1509.41,33.0
129.0,72.0,470.79,5.0,4918.0,66.0
117.0,87.0,110.5,2.0,6533.86,65.0
136.0,111.0,609.1,5.0,6108.95,81.0
132.0,115.0,727.83,7.0,6721.9,86.0
0.0,7.0,,0.0,250.28,3.0
102.0,65.0,334.81,2.0,4193.54,46.0
155.0,98.0,446.16,8.0,5436.29,87.0
151.0,107.0,392.84,8.0,5915.92,75.0
161.0,112.0,59.83,2.0,8359.42,94.0
0.0,5.0,,0.0,893.26,7.0
123.0,105.0,394.46,9.0,5675.59,88.0
135.0,112.0,158.66,7.0,6466.6,85.0
107.0,108.0,347.67,4.0,6004.69,87.0
89.0,129.0,301.34,5.0,5601.72,88.0
96.0,75.0,14.13,2.0,6594.97,63.0
132.0,114.0,145.96,5.0,8474.77,123.0
131.0,123.0,2.43,3.0,5940.43,92.0
0.0,14.0,,0.0,371.61,6.0
130.0,66.0,697.36,4.0,4324.65,57.0
110.0,118.0,578.84,8.0,5663.61,91.0
145.0,131.0,104.16,4.0,4901.91,94.0
0.0,11.0,243.02,2.0,145.93,4.0
96.0,86.0,109.29,3.0,3076.63,63.0
93.0,109.0,0.0,1.0,4904.88,95.0
155.0,107.0,416.82,8.0,4274.96,77.0
142.0,113.0,485.57,8.0,5959.54,83.0
95.0,117.0,361.0,4.0,5518.88,85.0
0.0,15.0,,0.0,793.14,12.0
139.0,104.0,413.73,4.0,4284.36,80.0
123.0,128.0,513.43,5.0,4289.41,82.0
160.0,143.0,4.0,4.0,9393.69,113.0
133.0,122.0,276.09,2.0,5498.02,95.0
159.0,100.0,194.8,5.0,4204.45,70.0
143.0,139.0,133.93,8.0,8642.06,103.0
146.0,151.0,127.41,7.0,6454.88,79.0
134.0,154.0,31.13,3.0,9405.13,145.0
112.0,139.0,331.95,9.0,7679.52,110.0
145.0,115.0,420.08,7.0,4503.05,71.0
122.0,111.0,298.33,4.0,5621.47,83.0
96.0,112.0,403.39,2.0,5143.91,78.0
0.0,11.0,,0.0,207.41,9.0
121.0,117.0,218.99,2.0,6190.8,101.0
110.0,120.0,193.0,5.0,7109.12,83.0
109.0,98.0,183.87,2.0,7224.46,74.0
177.0,127.0,279.5,4.0,6009.02,106.0
134.0,130.0,342.0,7.0,6733.55,93.0
0.0,19.0,,0.0,238.34,12.0
133.0,70.0,420.86,5.0,4351.69,59.0
120.0,127.0,314.68,9.0,6256.74,93.0
135.0,94.0,52.02,1.0,4792.11,67.0
182.0,125.0,148.29,5.0,3809.64,103.0
143.0,126.0,392.98,8.0,4128.69,73.0
0.0,11.0,,0.0,1705.9,8.0
122.0,94.0,59.23,6.0,462.79,63.0
112.0,116.0,383.09,6.0,6263.84,103.0
122.0,139.0,220.18,7.0,8550.37,103.0
184.0,152.0,174.27,5.0,5798.75,93.0
162.0,149.0,236.85,5.0,4140.59,87.0
157.0,94.0,260.0,2.0,3788.9,100.0
138.0,155.0,219.73,4.0,6356.0,107.0
162.0,132.0,222.55,5.0,6670.89,100.0
171.0,121.0,654.86,1.0,5544.65,104.0
0.0,18.0,7.5,2.0,1530.46,12.0
156.0,122.0,434.5,7.0,4577.2,86.0
191.0,120.0,38.82,5.0,5852.89,92.0
229.0,147.0,423.47,11.0,6957.42,118.0
134.0,144.0,141.15,4.0,5762.92,104.0
0.0,16.0,,0.0,581.22,16.0
155.0,124.0,886.74,9.0,4494.28,93.0
142.0,111.0,89.0,4.0,4674.71,83.0
171.0,131.0,148.39,2.0,5295.62,108.0
171.0,144.0,299.92,6.0,6901.87,114.0
0.0,15.0,14.0,1.0,245.11,9.0
146.0,84.0,271.87,6.0,2606.11,69.0
182.0,127.0,554.4,5.0,6971.31,104.0
184.0,137.0,214.09,3.0,6159.94,103.0
190.0,134.0,14.69,1.0,5218.61,100.0
164.0,74.0,3.4,1.0,2559.95,55.0
181.0,144.0,75.08,7.0,7533.28,86.0
226.0,124.0,88.07,4.0,3114.75,111.0
110.0,110.0,39.99,4.0,8646.91,120.0
132.0,35.0,222.26,3.0,,0.0
0.0,17.0,15.8,1.0,0.0,0.0
133.0,104.0,9.29,3.0,7085.29,100.0
156.0,102.0,1126.46,5.0,4130.48,72.0
148.0,98.0,342.21,4.0,6444.75,75.0
177.0,115.0,1147.58,7.0,4358.72,79.0
0.0,20.0,141.0,2.0,452.32,12.0
141.0,65.0,2.5,1.0,7086.66,46.0
134.0,109.0,177.42,3.0,5684.06,91.0
150.0,119.0,596.39,8.0,6415.4,80.0
169.0,117.0,281.75,7.0,5086.31,88.0
100.0,117.0,454.65,8.0,4974.21,88.0
0.0,17.0,2.49,1.0,373.89,10.0
153.0,75.0,98.5,2.0,5845.77,61.0
158.0,123.0,634.31,8.0,6688.34,95.0
204.0,128.0,203.01,4.0,6012.27,87.0
110.0,121.0,164.95,3.0,6354.55,91.0
0.0,9.0,,0.0,706.47,9.0
151.0,56.0,104.08,4.0,3591.02,51.0
136.0,133.0,432.54,8.0,5402.2,83.0
155.0,122.0,858.66,7.0,7812.28,89.0
166.0,98.0,84.29,2.0,3014.81,62.0
208.0,125.0,40.98,6.0,4745.09,69.0
164.0,116.0,-7.5,2.0,9094.63,135.0
0.0,28.0,-7.5,1.0,1336.18,21.0
147.0,110.0,442.41,3.0,4907.35,95.0
131.0,107.0,66.63,3.0,7635.11,79.0
200.0,145.0,118.14,4.0,6763.33,94.0
130.0,120.0,183.92,4.0,5322.23,90.0
0.0,15.0,,0.0,548.21,10.0
133.0,63.0,199.59,4.0,3904.73,48.0
141.0,124.0,154.31,5.0,5161.49,82.0
189.0,99.0,280.57,6.0,5016.13,76.0
123.0,134.0,779.08,6.0,6171.4,102.0
0.0,14.0,,0.0,648.76,9.0
142.0,70.0,,0.0,2608.93,52.0
158.0,88.0,530.41,7.0,3634.0,72.0
158.0,107.0,294.32,5.0,7803.64,90.0
151.0,112.0,280.75,5.0,6543.33,89.0
132.0,128.0,63.52,5.0,6677.71,99.0
0.0,15.0,,0.0,581.13,9.0
145.0,58.0,155.84,4.0,3611.53,46.0
167.0,114.0,17.21,3.0,8762.89,86.0
298.0,135.0,155.77,8.0,3829.06,78.0
0.0,18.0,21.5,1.0,725.58,12.0
166.0,101.0,7.5,1.0,9486.95,145.0
146.0,89.0,0.49,3.0,2594.69,69.0
140.0,111.0,160.13,4.0,4390.92,84.0
172.0,124.0,931.44,10.0,4229.95,90.0
111.0,122.0,541.07,6.0,3848.24,81.0
0.0,17.0,-2.5,1.0,598.11,10.0
106.0,105.0,156.91,3.0,7580.24,76.0
135.0,109.0,230.74,5.0,5258.17,94.0
139.0,111.0,325.13,4.0,4256.22,80.0
101.0,97.0,107.46,4.0,3830.64,61.0
0.0,13.0,,0.0,742.24,9.0
121.0,61.0,0.0,1.0,3155.24,46.0
83.0,114.0,124.75,5.0,4273.15,89.0
117.0,100.0,807.55,5.0,3891.07,68.0
143.0,106.0,110.28,5.0,4736.45,75.0
124.0,107.0,329.81,6.0,3619.62,75.0
104.0,113.0,424.94,7.0,4472.47,74.0
125.0,132.0,290.77,6.0,5789.92,115.0
192.0,127.0,282.94,5.0,5088.62,102.0
88.0,118.0,185.14,5.0,4284.44,87.0
0.0,24.0,,0.0,369.31,13.0
137.0,124.0,16.33,2.0,4621.29,74.0
151.0,113.0,1471.48,3.0,8387.68,116.0
151.0,66.0,437.15,2.0,2649.65,46.0
0.0,15.0,,0.0,962.93,14.0
165.0,79.0,69.38,1.0,2784.19,57.0
122.0,124.0,20.38,2.0,4106.5,86.0
138.0,111.0,,0.0,5133.57,81.0
141.0,99.0,22.2,2.0,4316.2,67.0
147.0,70.0,805.92,5.0,2841.94,51.0
128.0,98.0,307.63,3.0,4095.13,84.0
115.0,123.0,914.96,12.0,5399.69,78.0
172.0,105.0,34.89,2.0,4611.58,84.0
0.0,14.0,,0.0,603.1,12.0
122.0,67.0,46.5,3.0,3228.39,54.0
120.0,127.0,232.07,2.0,5971.64,96.0
155.0,105.0,836.85,6.0,5003.1,83.0
162.0,113.0,371.15,4.0,7963.03,91.0
97.0,122.0,431.13,7.0,4556.31,92.0
124.0,47.0,,0.0,1618.52,35.0
0.0,22.0,0.8,1.0,720.19,15.0
118.0,137.0,881.8,8.0,5794.74,96.0
151.0,116.0,70.58,3.0,4414.96,89.0
170.0,54.0,162.6,2.0,2037.4,26.0
0.0,26.0,4.33,1.0,406.28,27.0
179.0,87.0,574.65,3.0,5584.8,82.0
149.0,133.0,679.96,3.0,5878.74,105.0
139.0,103.0,162.58,3.0,3331.43,72.0
159.0,114.0,164.19,5.0,6104.11,88.0
167.0,137.0,14.73,3.0,6133.25,98.0
120.0,101.0,639.99,4.0,2687.35,50.0
0.0,14.0,89.39,1.0,232.81,7.0
142.0,57.0,76.19,2.0,2791.76,51.0
143.0,114.0,214.36,5.0,5142.14,74.0
153.0,120.0,171.67,2.0,6171.73,96.0
171.0,116.0,112.09,3.0,4669.16,91.0
168.0,110.0,173.2,5.0,5879.97,95.0
143.0,135.0,506.57,9.0,4924.1,81.0
0.0,19.0,0.0,1.0,1405.27,19.0
151.0,89.0,65.52,4.0,3415.86,56.0
147.0,131.0,682.14,7.0,5081.58,89.0
142.0,102.0,174.4,6.0,5294.67,82.0
70.0,117.0,511.73,8.0,9724.81,85.0
73.0,37.0,244.87,1.0,1080.02,21.0
0.0,4.0,,0.0,0.0,0.0
88.0,70.0,102.83,5.0,5201.23,52.0
136.0,46.0,102.15,3.0,1498.17,32.0
141.0,116.0,120.82,6.0,6363.67,85.0
91.0,99.0,537.45,6.0,4151.23,83.0
170.0,118.0,288.68,7.0,4199.48,88.0
100.0,125.0,163.19,6.0,4187.85,66.0
0.0,13.0,1.86,1.0,305.1,8.0
158.0,77.0,805.87,7.0,3015.17,41.0
143.0,116.0,33.73,3.0,9170.4,117.0
149.0,104.0,303.9,6.0,3093.63,70.0
152.0,130.0,196.99,5.0,3428.13,82.0
129.0,126.0,20.44,6.0,5764.1,83.0
0.0,7.0,,0.0,208.17,4.0
138.0,64.0,365.14,3.0,3553.65,49.0
132.0,115.0,723.02,8.0,2542.89,71.0
140.0,90.0,253.67,4.0,3314.43,70.0
152.0,132.0,552.08,7.0,5719.66,105.0
119.0,117.0,591.22,4.0,4050.87,83.0
130.0,129.0,197.18,4.0,7129.81,106.0
136.0,114.0,632.91,8.0,3745.79,87.0
142.0,132.0,232.93,6.0,4889.69,104.0
195.0,119.0,89.12,6.0,5632.86,84.0
0.0,8.0,,0.0,138.9,8.0
175.0,126.0,980.18,9.0,6164.98,103.0
157.0,134.0,176.33,10.0,6033.1,88.0
114.0,157.0,18.18,4.0,4815.88,106.0
159.0,81.0,260.64,9.0,5448.01,72.0
144.0,122.0,935.48,10.0,5659.72,79.0
158.0,157.0,235.16,7.0,5527.06,84.0
142.0,137.0,931.9,11.0,6154.36,94.0
0.0,17.0,25.89,2.0,386.83,14.0
114.0,139.0,155.58,4.0,6356.94,104.0
157.0,115.0,317.4,5.0,4923.25,79.0
146.0,128.0,362.82,7.0,5334.06,101.0
174.0,126.0,983.73,9.0,7067.23,100.0
135.0,145.0,54.5,2.0,6710.63,99.0
0.0,20.0,15.0,1.0,384.33,18.0
166.0,127.0,419.88,7.0,6252.78,109.0
134.0,138.0,669.46,6.0,8043.57,113.0
0.0,16.0,,0.0,470.58,15.0
149.0,80.0,477.73,6.0,3281.57,71.0
158.0,155.0,114.77,3.0,5334.47,109.0
185.0,143.0,565.92,4.0,6304.46,113.0
185.0,126.0,126.95,4.0,5032.03,78.0
0.0,7.0,119.5,1.0,195.43,5.0
175.0,150.0,153.38,5.0,7076.61,100.0
221.0,147.0,23.69,3.0,4915.6,75.0
212.0,145.0,130.88,4.0,6563.73,145.0
308.0,156.0,419.08,6.0,7205.52,119.0
0.0,78.0,105.56,1.0,1948.03,47.0
178.0,158.0,415.09,7.0,6598.68,126.0
164.0,121.0,525.46,7.0,5813.06,97.0
217.0,158.0,11.0,1.0,6180.61,111.0
162.0,143.0,84.92,5.0,5204.14,85.0
183.0,127.0,278.97,2.0,6976.11,112.0
181.0,153.0,517.57,11.0,6572.42,114.0
0.0,9.0,56.5,1.0,726.39,7.0
158.0,89.0,438.89,10.0,4456.95,72.0
185.0,152.0,301.38,6.0,7548.34,131.0
204.0,155.0,1775.37,11.0,5918.22,113.0
183.0,154.0,100.38,3.0,7265.51,108.0
226.0,162.0,458.64,8.0,5424.34,120.0
142.0,158.0,961.93,13.0,6525.44,111.0
0.0,10.0,,0.0,69.64,7.0
190.0,170.0,655.16,9.0,7359.61,140.0
186.0,165.0,486.54,10.0,6476.5,104.0
106.0,164.0,119.45,5.0,4720.36,102.0
114.0,51.0,12.09,2.0,1907.79,38.0
153.0,55.0,300.0,2.0,3631.51,49.0
0.0,104.0,479.41,7.0,7502.24,84.0
66.0,110.0,309.53,7.0,4853.39,64.0
9.0,36.0,174.8,3.0,1518.28,29.0
42.0,2.0,,0.0,11.86,2.0
97.0,57.0,18.76,1.0,2245.39,39.0
136.0,104.0,5.64,3.0,6275.53,78.0
108.0,105.0,225.73,3.0,7575.43,77.0
0.0,7.0,,0.0,762.08,8.0
126.0,45.0,30.98,1.0,3939.78,44.0
140.0,76.0,282.99,5.0,5018.58,57.0
129.0,94.0,84.64,4.0,4052.5,58.0
0.0,13.0,,0.0,241.52,7.0
128.0,97.0,70.32,3.0,5405.18,82.0
136.0,93.0,155.55,6.0,4499.71,60.0
0.0,12.0,,0.0,752.2,11.0
139.0,62.0,248.26,8.0,5173.16,48.0
134.0,107.0,736.23,8.0,3405.75,60.0
146.0,126.0,583.98,3.0,6981.02,96.0
135.0,55.0,10.03,1.0,2781.21,46.0
131.0,137.0,41.12,3.0,7160.31,97.0
120.0,85.0,1017.7,9.0,5184.4,58.0
134.0,114.0,559.56,8.0,5056.68,86.0
0.0,11.0,,0.0,370.41,8.0
119.0,70.0,200.91,6.0,4648.46,71.0
140.0,110.0,541.39,7.0,6068.44,80.0
110.0,121.0,635.26,8.0,8630.78,93.0
108.0,122.0,381.46,7.0,5358.99,80.0
0.0,9.0,130.21,3.0,559.51,9.0
122.0,58.0,69.66,5.0,5409.79,49.0
148.0,115.0,1331.07,8.0,8773.99,103.0
134.0,110.0,174.88,6.0,6542.73,76.0
158.0,108.0,150.05,9.0,4039.34,78.0
185.0,136.0,502.98,7.0,8153.96,117.0
155.0,80.0,157.84,4.0,4063.31,47.0
134.0,116.0,900.4,6.0,5419.82,85.0
154.0,130.0,338.32,7.0,5397.99,79.0
134.0,116.0,480.0,4.0,8792.82,128.0
0.0,13.0,27.76,3.0,1123.11,14.0
133.0,65.0,3.54,3.0,2743.96,45.0
104.0,107.0,29.14,4.0,6656.33,89.0
150.0,128.0,992.24,6.0,5946.08,94.0
100.0,111.0,257.0,6.0,6888.11,85.0
0.0,14.0,,0.0,577.85,11.0
128.0,109.0,8.18,3.0,5890.91,89.0
139.0,101.0,0.8,1.0,4799.45,81.0
128.0,125.0,612.98,9.0,6023.15,82.0
153.0,113.0,187.46,6.0,6129.78,81.0
100.0,133.0,434.8,7.0,6724.21,99.0
0.0,8.0,,0.0,277.09,5.0
157.0,89.0,583.54,3.0,4497.76,79.0
150.0,129.0,42.34,6.0,5407.91,90.0
152.0,64.0,204.32,1.0,2186.5,50.0
159.0,118.0,243.08,2.0,5292.54,80.0
196.0,136.0,171.8,6.0,6997.91,108.0
213.0,126.0,31.43,2.0,6593.39,94.0
140.0,158.0,514.67,4.0,6312.49,102.0
0.0,8.0,,0.0,280.49,6.0
188.0,136.0,599.1,6.0,12605.98,150.0
190.0,128.0,209.54,4.0,6471.24,98.0
174.0,136.0,244.73,10.0,4773.18,84.0
124.0,112.0,349.91,6.0,6590.77,79.0
178.0,59.0,91.45,4.0,3181.26,47.0
164.0,129.0,366.91,4.0,7949.57,110.0
151.0,135.0,714.59,10.0,8760.98,92.0
190.0,115.0,172.28,3.0,7723.69,82.0
61.0,129.0,131.88,6.0,6818.76,86.0
153.0,44.0,457.04,3.0,1793.04,36.0
156.0,68.0,387.83,4.0,4715.47,51.0
171.0,106.0,186.22,4.0,6711.7,92.0
189.0,108.0,94.53,3.0,6640.97,85.0
212.0,146.0,1006.46,8.0,7620.88,105.0
156.0,120.0,102.19,5.0,5453.8,90.0
0.0,13.0,5.04,2.0,304.86,6.0
160.0,55.0,11.58,1.0,3636.54,46.0
185.0,114.0,87.28,2.0,5405.17,85.0
215.0,120.0,321.26,6.0,9344.33,91.0
244.0,136.0,284.04,8.0,8705.6,109.0
0.0,14.0,,0.0,1078.95,12.0
209.0,142.0,197.93,7.0,6770.53,86.0
222.0,115.0,136.43,5.0,3527.73,118.0
139.0,43.0,112.8,2.0,1524.44,27.0
0.0,15.0,,0.0,671.54,11.0
181.0,103.0,341.28,6.0,6888.51,75.0
182.0,89.0,250.01,4.0,5625.25,63.0
131.0,101.0,435.43,7.0,5542.24,67.0
0.0,4.0,430.0,1.0,109.78,4.0
171.0,61.0,83.74,2.0,3761.79,47.0
184.0,97.0,157.99,5.0,6779.79,75.0
197.0,98.0,222.2,2.0,6967.02,74.0
184.0,110.0,183.64,4.0,6841.63,82.0
185.0,81.0,281.92,4.0,6495.13,70.0
229.0,104.0,644.51,7.0,8262.56,89.0
0.0,9.0,,0.0,1674.75,12.0
208.0,144.0,95.54,6.0,11749.41,103.0
239.0,126.0,504.18,4.0,8845.15,101.0
0.0,19.0,264.94,3.0,-688.17,22.0
203.0,61.0,101.19,3.0,5718.89,49.0
199.0,97.0,104.44,5.0,5776.91,81.0
236.0,102.0,290.74,2.0,7759.56,81.0
145.0,85.0,7.0,1.0,5875.32,59.0
174.0,99.0,137.34,4.0,8422.82,80.0
187.0,74.0,238.62,5.0,9440.9,67.0
186.0,110.0,392.58,5.0,7656.05,87.0
204.0,60.0,170.17,4.0,5533.4,49.0
183.0,92.0,981.27,8.0,7722.8,68.0
271.0,77.0,322.9,7.0,4842.33,57.0
0.0,61.0,782.5,6.0,5984.8,47.0
163.0,107.0,236.32,4.0,6202.08,85.0
141.0,91.0,353.1,3.0,7545.06,68.0
189.0,98.0,17.12,2.0,8803.19,69.0
210.0,105.0,399.13,10.0,7002.9,73.0
145.0,104.0,880.56,1.0,10498.37,73.0
375.0,73.0,132.64,3.0,6726.69,53.0
0.0,135.0,252.69,6.0,6278.17,77.0
175.0,74.0,1398.62,6.0,14232.07,92.0
143.0,96.0,,0.0,9097.78,68.0
122.0,100.0,190.13,4.0,5854.32,72.0
0.0,5.0,,0.0,30.62,2.0
154.0,74.0,23.64,4.0,7189.18,55.0
166.0,96.0,36.97,1.0,6115.67,78.0
155.0,94.0,27.9,3.0,6866.53,74.0
176.0,96.0,165.33,6.0,6140.21,55.0
187.0,90.0,380.33,7.0,6386.67,73.0
117.0,87.0,358.92,5.0,6409.18,68.0
0.0,7.0,,0.0,253.08,2.0
144.0,44.0,44.5,2.0,4218.53,43.0
133.0,92.0,53.5,2.0,7900.24,75.0
159.0,111.0,9.3,3.0,6956.27,77.0
186.0,79.0,127.24,3.0,6659.86,60.0
116.0,102.0,0.0,2.0,7179.85,72.0
0.0,10.0,,0.0,171.44,5.0
168.0,119.0,838.23,5.0,10194.31,91.0
145.0,108.0,261.37,5.0,5302.77,81.0
155.0,104.0,633.08,5.0,7795.81,79.0
104.0,104.0,124.01,4.0,4161.43,70.0
0.0,8.0,,0.0,0.0,0.0
0.0,49.0,16.04,2.0,2089.86,36.0
151.0,110.0,121.82,3.0,2337.23,57.0
130.0,110.0,874.96,5.0,6044.7,69.0
0.0,12.0,18.24,1.0,2125.83,6.0
160.0,110.0,798.62,6.0,4674.88,62.0
156.0,132.0,483.85,4.0,8430.83,97.0
130.0,119.0,0.0,2.0,8027.34,89.0
152.0,79.0,312.78,4.0,6558.82,55.0
144.0,110.0,100.0,2.0,7716.26,84.0
164.0,102.0,181.72,4.0,6627.36,82.0
132.0,115.0,281.57,4.0,6444.65,90.0
0.0,11.0,,0.0,275.88,4.0
154.0,85.0,94.0,1.0,4363.77,62.0
157.0,124.0,156.48,5.0,6825.43,87.0
164.0,111.0,17.64,3.0,5654.39,76.0
161.0,132.0,130.48,5.0,7885.65,98.0
0.0,14.0,,0.0,1010.89,8.0
204.0,68.0,979.1,5.0,4415.76,49.0
49.0,94.0,220.5,4.0,3520.41,60.0
168.0,32.0,310.3,1.0,1441.61,26.0
0.0,11.0,84.74,2.0,136.09,2.0
203.0,87.0,206.72,3.0,13124.45,80.0
146.0,135.0,378.31,4.0,6446.19,99.0
177.0,112.0,199.78,3.0,5459.69,71.0
241.0,110.0,48.0,1.0,5633.51,77.0
115.0,120.0,99.68,2.0,7982.33,97.0
159.0,102.0,359.52,5.0,4102.42,66.0
165.0,110.0,117.91,3.0,6045.22,92.0
0.0,11.0,,0.0,956.4,6.0
90.0,52.0,156.25,4.0,3005.59,44.0
157.0,49.0,117.78,4.0,2466.38,34.0
115.0,120.0,249.92,3.0,6863.69,83.0
163.0,65.0,0.0,1.0,3030.35,44.0
127.0,116.0,145.78,4.0,11307.11,87.0
124.0,92.0,9.06,4.0,5655.96,73.0
142.0,99.0,468.76,6.0,6201.96,78.0
188.0,126.0,220.9,2.0,5753.3,89.0
0.0,11.0,0.0,1.0,601.8,8.0
155.0,82.0,461.14,3.0,4489.03,54.0
150.0,134.0,148.54,4.0,5781.73,77.0
141.0,100.0,321.56,6.0,6214.6,79.0
160.0,115.0,255.48,5.0,10579.49,92.0
92.0,120.0,174.41,3.0,4924.2,73.0
0.0,15.0,,0.0,1208.98,9.0
142.0,63.0,16.13,1.0,3663.7,49.0
140.0,132.0,362.76,5.0,7662.17,101.0
140.0,117.0,210.22,7.0,6227.93,76.0
0.0,15.0,388.62,1.0,369.52,5.0
131.0,72.0,217.25,5.0,4464.26,58.0
119.0,142.0,945.67,6.0,5651.16,105.0
126.0,103.0,99.06,4.0,8512.92,93.0
153.0,121.0,7.34,2.0,6827.45,96.0
100.0,113.0,430.29,4.0,5258.56,63.0
0.0,14.0,13.94,1.0,1069.36,9.0
132.0,69.0,185.48,2.0,3776.56,73.0
119.0,138.0,266.12,4.0,7987.6,105.0
137.0,125.0,502.42,7.0,5437.45,89.0
93.0,138.0,441.78,11.0,5905.86,89.0
108.0,71.0,28.5,2.0,8075.71,68.0
113.0,136.0,1010.64,10.0,7467.48,91.0
122.0,121.0,168.48,3.0,6848.23,103.0
256.0,137.0,396.52,6.0,7987.35,91.0
0.0,162.0,125.54,4.0,6378.01,85.0
122.0,124.0,393.72,4.0,5414.19,80.0
129.0,131.0,471.72,7.0,5467.41,84.0
97.0,115.0,33.28,4.0,6566.11,91.0
0.0,16.0,,0.0,974.8,12.0
100.0,72.0,104.07,2.0,3757.46,59.0
132.0,121.0,53.5,2.0,6025.09,86.0
129.0,109.0,351.42,6.0,7132.88,85.0
113.0,136.0,47.78,3.0,6913.05,101.0
110.0,138.0,139.59,8.0,6012.13,93.0
0.0,14.0,,0.0,1163.26,11.0
151.0,144.0,25.09,2.0,7636.18,110.0
98.0,116.0,142.0,2.0,14592.33,129.0
0.0,22.0,0.0,1.0,886.67,15.0
133.0,88.0,87.64,3.0,4151.73,67.0
113.0,116.0,20.54,3.0,6492.75,94.0
151.0,104.0,126.74,5.0,6292.75,78.0
134.0,141.0,,0.0,6524.93,115.0
106.0,128.0,409.92,5.0,7847.08,101.0
109.0,66.0,82.8,4.0,4573.08,52.0
125.0,119.0,63.31,2.0,6908.45,107.0
126.0,149.0,546.77,7.0,8378.63,100.0
86.0,135.0,250.4,5.0,9079.62,126.0
0.0,19.0,146.68,1.0,511.06,8.0
122.0,91.0,2.5,1.0,4013.75,70.0
129.0,139.0,220.0,2.0,9515.06,114.0
143.0,129.0,303.65,4.0,9683.48,99.0
166.0,141.0,344.36,8.0,7075.51,107.0
107.0,173.0,115.06,6.0,8523.8,122.0
0.0,21.0,10.0,1.0,847.23,12.0
0.0,20.0,38.5,1.0,0.0,0.0
0.0,72.0,96.88,2.0,5324.16,57.0
107.0,39.0,,0.0,3478.15,36.0
0.0,24.0,,0.0,2724.56,32.0
0.0,13.0,19.5,1.0,0.0,0.0
117.0,81.0,90.5,1.0,8273.93,83.0
114.0,74.0,88.61,1.0,5853.01,73.0
0.0,9.0,17.5,1.0,1010.75,6.0
145.0,61.0,44.0,1.0,6651.86,63.0
83.0,63.0,4.63,2.0,6547.16,54.0
0.0,9.0,53.0,1.0,333.9,5.0
79.0,32.0,0.0,1.0,2434.68,28.0
89.0,55.0,96.0,1.0,5470.24,48.0
88.0,59.0,506.59,3.0,5160.21,49.0
119.0,66.0,,0.0,5218.85,61.0
94.0,54.0,159.0,1.0,5142.79,50.0
0.0,11.0,64.43,1.0,1434.9,12.0
122.0,40.0,,0.0,3216.8,39.0
105.0,75.0,148.53,4.0,6633.27,70.0
250.0,76.0,,0.0,5824.18,55.0
0.0,84.0,10.2,2.0,4749.99,57.0
84.0,,,,208.0,1.0
197.0,84.0,0.0,2.0,12664.9,95.0
0.0,27.0,271.76,3.0,974.32,12.0
245.0,63.0,114.36,5.0,4538.68,56.0
138.0,107.0,57.93,5.0,5264.09,75.0
122.0,103.0,152.81,3.0,6106.99,70.0
173.0,96.0,195.11,4.0,6244.42,77.0
95.0,68.0,90.55,4.0,3689.91,44.0
128.0,98.0,470.3,8.0,5145.01,83.0
140.0,92.0,492.28,5.0,4415.54,67.0
128.0,112.0,342.38,4.0,7289.45,84.0
142.0,111.0,265.84,7.0,6817.92,82.0
97.0,101.0,,0.0,4248.91,83.0
107.0,66.0,175.06,3.0,4749.69,55.0
106.0,137.0,1175.97,9.0,7308.61,107.0
134.0,116.0,760.22,7.0,6300.12,73.0
160.0,115.0,103.06,5.0,10396.16,98.0
99.0,128.0,24.43,1.0,6590.36,87.0
0.0,23.0,,0.0,776.48,9.0
143.0,122.0,5.0,4.0,4409.38,79.0
133.0,115.0,1047.4,8.0,4153.82,70.0
294.0,125.0,400.38,9.0,4893.01,78.0
0.0,14.0,,0.0,7748.56,22.0
129.0,111.0,332.51,4.0,6256.7,80.0
132.0,103.0,187.5,3.0,3912.91,77.0
92.0,105.0,325.49,6.0,5063.03,76.0
153.0,71.0,8.63,1.0,4255.18,64.0
134.0,119.0,226.02,7.0,6419.67,104.0
0.0,22.0,97.38,2.0,1653.42,12.0
176.0,145.0,343.72,6.0,10925.26,118.0
182.0,160.0,609.54,11.0,8601.59,110.0
174.0,140.0,14.75,1.0,12178.21,138.0
241.0,183.0,164.59,4.0,13404.47,135.0
0.0,20.0,21.23,1.0,503.38,10.0
165.0,255.0,591.46,11.0,15004.35,154.0
129.0,79.0,6.13,1.0,7302.93,66.0
117.0,98.0,22.93,1.0,5696.54,66.0
0.0,19.0,,0.0,0.0,0.0
110.0,54.0,23.93,1.0,1645.86,26.0
112.0,91.0,14.83,2.0,10881.8,99.0
130.0,97.0,282.18,4.0,8096.21,91.0
135.0,103.0,3.0,1.0,4958.51,81.0
119.0,78.0,379.51,2.0,4633.82,61.0
79.0,93.0,254.58,3.0,8587.23,89.0
108.0,55.0,120.79,3.0,2956.22,45.0
58.0,66.0,513.99,1.0,4817.4,37.0
71.0,59.0,678.88,4.0,4722.02,41.0
102.0,59.0,103.09,2.0,5246.96,46.0
63.0,76.0,432.73,11.0,5937.35,55.0
0.0,11.0,80.0,1.0,135.29,3.0
98.0,78.0,31.33,2.0,4989.94,64.0
89.0,72.0,35.68,1.0,5080.97,45.0
45.0,70.0,200.91,5.0,6681.59,54.0
0.0,17.0,,0.0,741.3,11.0
75.0,44.0,,0.0,5119.61,35.0
69.0,92.0,307.55,4.0,7247.03,58.0
74.0,64.0,28.0,2.0,3889.12,40.0
105.0,70.0,206.24,4.0,2826.73,27.0
50.0,64.0,,0.0,25684.5,73.0
112.0,29.0,7.5,1.0,2518.75,20.0
0.0,8.0,10.0,1.0,455.98,5.0
76.0,54.0,535.34,2.0,5373.72,46.0
73.0,40.0,14.03,2.0,3302.46,44.0
179.0,66.0,535.69,5.0,3883.08,46.0
53.0,70.0,112.0,2.0,5830.36,52.0
0.0,5.0,,0.0,586.9,3.0
130.0,47.0,28.83,3.0,4389.72,35.0
0.0,72.0,187.73,4.0,6190.92,56.0
77.0,62.0,328.13,3.0,9991.73,58.0
74.0,62.0,83.22,3.0,4066.09,37.0
0.0,13.0,,0.0,688.43,5.0
170.0,42.0,33.69,3.0,5984.68,35.0
0.0,59.0,246.71,6.0,3539.15,41.0
75.0,62.0,193.57,4.0,5070.6,57.0
60.0,73.0,36.93,8.0,7723.82,44.0
0.0,5.0,,0.0,173.85,3.0
79.0,42.0,189.93,1.0,3155.81,31.0
91.0,55.0,78.56,3.0,4858.76,39.0
73.0,66.0,261.02,3.0,5045.9,43.0
178.0,60.0,27.31,1.0,4006.58,46.0
0.0,65.0,45.44,2.0,4735.92,38.0
0.0,8.0,0.0,1.0,489.18,3.0
81.0,48.0,170.2,1.0,4432.36,43.0
77.0,49.0,-2.5,1.0,4265.44,37.0
109.0,66.0,54.93,2.0,4422.09,54.0
53.0,52.0,179.2,2.0,6622.21,50.0
0.0,9.0,,0.0,290.74,5.0
71.0,33.0,118.6,3.0,3006.8,26.0
76.0,32.0,34.49,1.0,3021.84,25.0
71.0,61.0,288.29,5.0,4694.78,46.0
169.0,50.0,53.59,4.0,4134.84,34.0
0.0,48.0,77.43,2.0,4197.23,37.0
83.0,63.0,119.13,4.0,6037.61,62.0
0.0,4.0,-0.2,1.0,20.88,2.0
93.0,23.0,,0.0,3733.11,29.0
66.0,58.0,0.0,1.0,3558.65,36.0
81.0,48.0,35.28,1.0,4771.45,44.0
102.0,61.0,99.18,2.0,4359.23,40.0
55.0,63.0,100.2,2.0,5008.45,49.0
0.0,6.0,224.26,2.0,484.54,4.0
58.0,18.0,187.0,1.0,2038.14,13.0
146.0,59.0,211.5,2.0,3323.13,29.0
92.0,48.0,2.0,4.0,32994.24,56.0
0.0,3.0,43.0,1.0,54.16,1.0
59.0,62.0,601.61,4.0,6582.22,47.0
55.0,35.0,72.22,1.0,3972.93,30.0
40.0,51.0,0.0,1.0,2891.75,28.0
58.0,50.0,217.0,4.0,3649.01,39.0
63.0,38.0,100.0,1.0,3475.19,28.0
63.0,55.0,354.06,7.0,3508.82,37.0
0.0,30.0,10.63,1.0,1709.65,17.0
0.0,52.0,4.78,2.0,3677.5,32.0
188.0,56.0,572.83,5.0,4965.31,45.0
0.0,60.0,314.72,4.0,4240.59,37.0
0.0,37.0,17.0,1.0,2170.37,27.0
84.0,57.0,-5.0,2.0,2824.13,35.0
130.0,22.0,119.5,2.0,17053.49,24.0
0.0,2.0,,0.0,375.9,2.0
0.0,26.0,50.04,1.0,3830.69,29.0
67.0,52.0,100.0,2.0,3887.76,40.0
72.0,51.0,331.52,5.0,2949.41,39.0
67.0,63.0,50.48,1.0,2578.1,37.0
65.0,57.0,420.18,3.0,4649.22,44.0
0.0,59.0,18.0,1.0,4000.55,41.0
152.0,61.0,,0.0,3447.7,53.0
68.0,41.0,64.66,3.0,1536.71,34.0
78.0,34.0,0.0,1.0,2258.2,24.0
76.0,66.0,145.66,4.0,5266.85,42.0
77.0,59.0,,0.0,4092.46,51.0
55.0,52.0,666.0,2.0,3206.95,43.0
0.0,9.0,65.0,2.0,619.32,4.0
66.0,55.0,15.28,2.0,3208.59,33.0
61.0,68.0,168.93,3.0,3004.1,34.0
80.0,48.0,302.96,4.0,2985.75,27.0
47.0,50.0,290.85,5.0,1920.47,16.0
107.0,23.0,22.5,1.0,852.33,12.0
0.0,6.0,,0.0,430.4,2.0
0.0,51.0,203.5,1.0,1231.15,19.0
58.0,43.0,61.0,2.0,4344.8,30.0
63.0,49.0,272.58,2.0,2616.78,38.0
70.0,37.0,16.0,1.0,3709.57,29.0
174.0,51.0,603.81,3.0,3228.79,39.0
0.0,57.0,90.0,3.0,4513.5,44.0
62.0,36.0,33.68,3.0,1867.4,25.0
89.0,49.0,210.42,2.0,3682.06,34.0
31.0,42.0,246.56,4.0,3531.72,31.0
0.0,5.0,34.0,1.0,,0.0
66.0,44.0,,0.0,1521.99,30.0
63.0,48.0,,0.0,3965.82,33.0
57.0,35.0,-3.5,1.0,4572.26,32.0
36.0,59.0,84.9,3.0,2844.59,32.0
0.0,4.0,27.11,2.0,,0.0
48.0,22.0,,0.0,3823.97,24.0
54.0,52.0,33.82,6.0,4397.84,35.0
75.0,47.0,106.25,3.0,2844.46,34.0
90.0,61.0,589.23,9.0,3886.39,39.0
51.0,31.0,,0.0,2252.37,21.0
145.0,18.0,17.3,3.0,2534.31,9.0
0.0,3.0,,0.0,0.0,0.0
74.0,19.0,,0.0,1303.75,14.0
100.0,15.0,,0.0,1114.16,12.0
30.0,42.0,215.5,3.0,25024.24,40.0
99.0,41.0,9.48,1.0,3432.33,30.0
0.0,7.0,,0.0,728.65,8.0
0.0,15.0,656.48,3.0,968.56,14.0
67.0,39.0,52.67,2.0,4756.22,41.0
63.0,58.0,68.33,5.0,5296.73,39.0
217.0,50.0,141.69,1.0,2755.89,30.0
0.0,55.0,,0.0,6002.4,51.0
70.0,70.0,363.49,7.0,6730.1,36.0
0.0,2.0,,0.0,84.52,1.0
0.0,24.0,,0.0,3151.58,28.0
67.0,60.0,303.46,4.0,4946.34,50.0
77.0,64.0,268.41,6.0,4379.04,53.0
85.0,80.0,533.4,5.0,6618.17,49.0
95.0,56.0,220.84,3.0,3309.49,44.0
154.0,71.0,91.4,1.0,5201.02,52.0
83.0,90.0,50.7,2.0,8785.65,62.0
64.0,70.0,742.46,3.0,6767.73,57.0
74.0,71.0,219.16,4.0,4715.22,46.0
257.0,66.0,43.99,2.0,3840.68,46.0
0.0,67.0,85.0,1.0,3147.98,28.0
0.0,6.0,0.0,1.0,17902.58,5.0
0.0,50.0,97.0,2.0,4615.74,42.0
0.0,66.0,6.73,2.0,4723.44,50.0
103.0,75.0,-13.0,1.0,5507.61,59.0
105.0,63.0,43.56,2.0,7595.03,51.0
0.0,1.0,,0.0,4.98,1.0
51.0,50.0,,0.0,4056.07,47.0
70.0,57.0,-7.12,5.0,3300.51,35.0
0.0,3.0,,0.0,361.78,2.0
75.0,54.0,173.86,4.0,6146.21,35.0
53.0,45.0,,0.0,3952.35,48.0
127.0,86.0,30.98,2.0,5847.85,65.0
0.0,37.0,169.34,2.0,2013.95,35.0
63.0,77.0,362.13,6.0,5342.57,57.0
64.0,68.0,208.56,5.0,4831.18,50.0
64.0,63.0,331.37,5.0,4262.53,45.0
218.0,76.0,41.56,3.0,4069.75,48.0
0.0,62.0,10.04,3.0,2273.98,30.0
0.0,7.0,45.6,1.0,16427.6,9.0
61.0,64.0,73.21,5.0,3470.02,44.0
64.0,63.0,58.0,3.0,3761.99,42.0
94.0,70.0,15.36,1.0,6594.61,56.0
0.0,26.0,,0.0,2895.43,27.0
64.0,79.0,132.52,3.0,8533.81,80.0
62.0,65.0,241.1,4.0,5224.94,54.0
51.0,72.0,346.4,5.0,4161.53,44.0
71.0,42.0,-1.0,1.0,4231.77,42.0
77.0,77.0,244.69,3.0,5894.7,60.0
77.0,65.0,117.0,3.0,3813.71,49.0
0.0,4.0,90.0,1.0,106.02,3.0
68.0,79.0,145.26,3.0,6839.01,62.0
113.0,73.0,0.0,1.0,6308.61,67.0
114.0,89.0,29.56,5.0,8617.56,71.0
169.0,70.0,0.0,3.0,5788.16,35.0
0.0,9.0,83.0,2.0,973.42,4.0
0.0,48.0,146.0,4.0,4250.47,26.0
68.0,67.0,72.0,3.0,21765.99,72.0
283.0,65.0,130.5,2.0,4044.9,52.0
0.0,6.0,0.0,1.0,390.9,5.0
0.0,22.0,,0.0,1163.87,17.0
0.0,6.0,,0.0,744.65,5.0
0.0,59.0,231.5,3.0,6909.93,53.0
176.0,67.0,150.02,5.0,7949.76,57.0
0.0,13.0,47.0,1.0,1265.38,11.0
0.0,35.0,43.38,2.0,4520.18,35.0
70.0,66.0,0.0,1.0,5861.89,51.0
66.0,53.0,,0.0,6764.07,46.0
200.0,81.0,496.0,7.0,11572.79,61.0
0.0,68.0,500.84,5.0,6048.9,57.0
0.0,4.0,124.5,1.0,591.92,3.0
191.0,88.0,140.42,3.0,7396.42,77.0
0.0,80.0,286.95,3.0,11860.76,63.0
100.0,67.0,5.5,1.0,8213.31,56.0
166.0,90.0,19.74,3.0,9710.51,66.0
88.0,81.0,,0.0,10393.92,60.0
201.0,79.0,,0.0,7555.43,68.0
88.0,85.0,289.5,3.0,16797.88,89.0
0.0,11.0,127.06,2.0,564.14,5.0
95.0,44.0,66.5,1.0,3851.62,43.0
0.0,63.0,,0.0,5893.82,56.0
0.0,72.0,546.37,5.0,7409.49,60.0
0.0,88.0,390.24,2.0,9442.07,79.0
0.0,8.0,,0.0,,0.0
0.0,40.0,88.92,2.0,7078.54,38.0
0.0,68.0,426.81,6.0,5706.93,56.0
100.0,67.0,8.34,3.0,5080.65,59.0
46.0,88.0,51.0,3.0,5090.58,52.0
0.0,6.0,9.13,1.0,201.6,2.0
149.0,24.0,112.5,1.0,3231.41,26.0
0.0,80.0,63.26,2.0,5946.66,66.0
77.0,53.0,13.0,3.0,3599.84,39.0
266.0,68.0,426.62,5.0,6956.9,52.0
0.0,67.0,73.63,3.0,7409.25,50.0
143.0,55.0,0.0,1.0,4050.36,43.0
0.0,47.0,,0.0,5096.66,41.0
84.0,53.0,34.13,2.0,5542.41,36.0
0.0,8.0,,0.0,1082.99,8.0
0.0,27.0,30.5,2.0,15028.97,37.0
71.0,66.0,282.51,3.0,4116.88,47.0
239.0,53.0,,0.0,4737.47,48.0
0.0,62.0,89.84,2.0,3678.89,49.0
168.0,52.0,404.28,3.0,4143.39,39.0
0.0,63.0,166.53,3.0,4294.79,51.0
0.0,67.0,-2.0,2.0,4243.96,50.0
0.0,6.0,,0.0,410.18,3.0
88.0,26.0,251.73,1.0,1643.62,27.0
99.0,57.0,504.5,6.0,3454.75,45.0
92.0,65.0,139.28,5.0,4338.31,56.0
136.0,64.0,5.09,2.0,6512.84,55.0
0.0,5.0,45.0,1.0,447.65,3.0
154.0,62.0,172.44,2.0,4930.44,51.0
0.0,53.0,178.49,4.0,3705.78,30.0
168.0,73.0,23.0,2.0,4721.44,46.0
0.0,57.0,54.64,2.0,2960.81,29.0
103.0,56.0,339.85,2.0,12577.65,51.0
116.0,74.0,89.0,2.0,3971.24,60.0
0.0,2.0,,0.0,,0.0
0.0,14.0,,0.0,1438.31,17.0
92.0,52.0,202.14,1.0,2875.33,31.0
203.0,44.0,,0.0,2571.83,28.0
0.0,4.0,,0.0,715.55,5.0
86.0,17.0,30.44,3.0,459.99,9.0
71.0,51.0,0.0,1.0,5473.92,50.0
64.0,64.0,67.5,3.0,6383.79,49.0
0.0,3.0,9.0,1.0,24.21,1.0
89.0,27.0,85.75,3.0,1100.97,16.0
114.0,53.0,69.74,3.0,3629.7,50.0
122.0,53.0,107.0,2.0,4006.22,38.0
77.0,51.0,51.53,3.0,3356.72,37.0
0.0,4.0,,0.0,70.54,2.0
96.0,23.0,214.57,3.0,1655.92,19.0
96.0,54.0,65.92,3.0,4001.86,30.0
94.0,61.0,12.64,1.0,2169.86,30.0
61.0,65.0,334.94,5.0,3461.33,29.0
125.0,24.0,473.0,1.0,8605.8,26.0
0.0,5.0,73.5,1.0,211.66,2.0
0.0,20.0,386.88,3.0,1647.37,22.0
71.0,50.0,24.23,4.0,3155.34,36.0
103.0,36.0,7.0,1.0,1482.53,26.0
198.0,37.0,87.08,5.0,2724.67,25.0
0.0,35.0,448.25,5.0,1378.52,26.0
115.0,40.0,1.0,1.0,1885.73,31.0
0.0,1.0,,0.0,11.8,1.0
80.0,40.0,173.18,3.0,4052.83,37.0
90.0,36.0,3.89,2.0,2477.35,24.0
94.0,34.0,246.59,3.0,1671.8,24.0
50.0,54.0,422.0,3.0,4063.56,39.0
42.0,12.0,84.75,2.0,403.65,8.0
63.0,28.0,,0.0,1931.41,22.0
84.0,16.0,17.8,2.0,1327.73,12.0
209.0,21.0,0.0,1.0,966.9,13.0
0.0,1.0,4.0,1.0,0.0,0.0
0.0,7.0,,0.0,796.63,6.0
73.0,22.0,24.95,1.0,1953.65,14.0
103.0,33.0,296.72,2.0,1318.66,13.0
71.0,26.0,184.19,3.0,851.8,10.0
117.0,34.0,153.42,4.0,2531.79,22.0
43.0,33.0,335.04,3.0,2916.7,28.0
0.0,1.0,,0.0,180.0,1.0
78.0,13.0,89.7,2.0,816.55,6.0
54.0,28.0,0.0,1.0,2436.79,19.0
49.0,30.0,,0.0,1101.05,17.0
0.0,2.0,48.5,2.0,0.0,0.0
76.0,28.0,,0.0,2756.99,28.0
100.0,29.0,-2.5,1.0,1599.34,19.0
88.0,12.0,123.5,1.0,1061.15,10.0
72.0,36.0,0.0,2.0,3688.04,20.0
90.0,31.0,43.0,1.0,3509.96,23.0
48.0,42.0,58.95,2.0,1727.28,23.0
0.0,1.0,19.0,1.0,0.0,0.0
98.0,16.0,0.0,2.0,578.35,7.0
85.0,29.0,0.0,1.0,1153.31,17.0
89.0,26.0,394.8,2.0,860.35,11.0
92.0,35.0,251.55,3.0,1269.11,14.0
169.0,35.0,89.03,2.0,2669.28,22.0
0.0,6.0,60.0,2.0,,0.0
84.0,30.0,0.0,1.0,2397.48,22.0
95.0,11.0,56.12,2.0,1329.23,9.0
105.0,26.0,24.9,2.0,2110.6,15.0
108.0,18.0,,0.0,1188.79,15.0
190.0,25.0,,0.0,1692.87,16.0
0.0,6.0,0.0,1.0,656.47,4.0
0.0,25.0,169.74,2.0,1615.34,18.0
77.0,15.0,,0.0,956.21,5.0
59.0,22.0,,0.0,981.99,11.0
68.0,13.0,0.0,1.0,1194.29,10.0
52.0,9.0,,0.0,547.95,8.0
60.0,15.0,,0.0,1048.97,12.0
69.0,11.0,,0.0,1075.82,12.0
94.0,20.0,,0.0,1444.5,17.0
29.0,27.0,125.5,2.0,2115.0,9.0
0.0,2.0,,0.0,0.0,0.0
48.0,6.0,,0.0,334.2,3.0
66.0,14.0,35.0,1.0,833.6,9.0
45.0,13.0,,0.0,1373.3,11.0
645.0,19.0,-5.0,1.0,688.09,8.0
0.0,1.0,,0.0,177.0,2.0
0.0,8.0,110.88,1.0,493.29,5.0
0.0,11.0,,0.0,2700.72,20.0
0.0,16.0,0.0,1.0,620.88,6.0
0.0,2.0,,0.0,0.0,0.0
0.0,3.0,,0.0,124.56,1.0
0.0,10.0,-2.5,1.0,928.35,6.0
0.0,7.0,,0.0,470.14,4.0
0.0,4.0,159.75,1.0,1029.47,6.0
81.0,5.0,127.59,2.0,223.38,1.0
0.0,7.0,,0.0,219.62,3.0
57.0,8.0,,0.0,652.8,7.0
82.0,2.0,,0.0,454.75,2.0
156.0,7.0,,0.0,331.43,3.0
76.0,6.0,,0.0,87.43,2.0
0.0,5.0,7.5,2.0,115.75,1.0
0.0,13.0,,0.0,774.37,10.0
42.0,12.0,0.0,1.0,452.4,5.0
0.0,7.0,,0.0,287.27,5.0
305.0,9.0,111.0,1.0,480.2,5.0
0.0,3.0,,0.0,109.87,3.0
0.0,8.0,,0.0,226.8,4.0
0.0,5.0,,0.0,96.9,3.0
120.0,7.0,30.0,1.0,277.95,3.0
0.0,7.0,,0.0,174.15,4.0
0.0,5.0,,0.0,116.25,3.0
198.0,6.0,,0.0,139.9,2.0
0.0,7.0,59.0,1.0,65.0,1.0
0.0,5.0,-5.0,1.0,186.75,2.0
19.0,7.0,,0.0,782.94,7.0
85.0,4.0,,0.0,444.73,6.0
283.0,5.0,,0.0,829.98,4.0
103.0,9.0,0.0,1.0,416.65,5.0
271.0,4.0,,0.0,1063.3,3.0
0.0,9.0,,0.0,1189.76,4.0
185.0,,,,,0.0
57.0,2.0,,0.0,349.65,3.0
0.0,3.0,0.0,1.0,776.0,2.0
0.0,1.0,,0.0,337.1,2.0
0.0,20.0,,0.0,2966.27,18.0
0.0,2.0,,0.0,123.2,2.0
0.0,12.0,,0.0,1192.54,10.0
434.0,65.0,30.86,3.0,5013.47,50.0
298.0,52.0,0.0,2.0,5400.48,54.0
0.0,9.0,17.5,2.0,212.95,2.0
0.0,41.0,10.0,3.0,2110.41,26.0
113.0,77.0,316.67,7.0,4405.43,40.0
121.0,79.0,470.54,12.0,3242.48,54.0
92.0,75.0,343.95,5.0,3071.41,50.0
0.0,45.0,337.26,6.0,1173.28,28.0
143.0,84.0,616.81,11.0,3101.83,45.0
271.0,119.0,476.72,7.0,5664.72,56.0
0.0,15.0,583.74,3.0,141.56,4.0
0.0,60.0,11.0,3.0,13064.01,83.0
136.0,112.0,415.36,6.0,7796.3,103.0
121.0,105.0,270.49,13.0,6798.35,80.0
144.0,89.0,477.72,6.0,4318.69,65.0
128.0,95.0,41.14,5.0,3511.6,74.0
0.0,10.0,48.5,2.0,404.83,4.0
0.0,55.0,321.0,8.0,2460.08,49.0
0.0,116.0,313.45,9.0,3999.23,83.0
113.0,75.0,378.19,8.0,4505.62,45.0
151.0,120.0,518.78,9.0,8026.68,79.0
128.0,104.0,113.17,5.0,6172.86,78.0
104.0,59.0,233.52,4.0,3045.36,41.0
131.0,103.0,59.2,4.0,6244.75,86.0
132.0,111.0,332.56,8.0,5675.34,76.0
138.0,116.0,309.8,7.0,4100.8,71.0
0.0,13.0,,0.0,53.54,3.0
161.0,131.0,458.98,7.0,5161.03,90.0
155.0,98.0,185.07,9.0,2541.93,64.0
196.0,134.0,333.49,9.0,4365.76,88.0
333.0,148.0,1047.9,12.0,4482.78,80.0
0.0,141.0,844.28,10.0,3990.4,71.0
0.0,15.0,0.0,1.0,302.52,8.0
141.0,118.0,102.63,6.0,8183.79,96.0
162.0,134.0,441.21,9.0,7068.37,104.0
186.0,128.0,431.86,12.0,5229.49,96.0
157.0,132.0,308.44,7.0,4482.52,95.0
155.0,68.0,112.91,4.0,3308.66,61.0
134.0,150.0,354.96,6.0,6104.45,108.0
145.0,106.0,412.08,6.0,3327.38,62.0
158.0,101.0,179.53,8.0,5932.72,78.0
157.0,140.0,593.84,12.0,4884.75,105.0
178.0,101.0,69.0,3.0,4964.92,84.0
136.0,135.0,432.01,10.0,6543.44,101.0
165.0,119.0,185.22,5.0,6296.09,86.0
183.0,124.0,140.79,8.0,4904.3,88.0
203.0,146.0,252.76,7.0,7029.34,108.0
0.0,7.0,,0.0,230.93,4.0
339.0,83.0,152.5,4.0,3611.5,58.0
0.0,119.0,545.66,9.0,5506.68,100.0
364.0,133.0,350.5,4.0,5356.78,97.0
0.0,124.0,239.8,5.0,5426.41,93.0
205.0,142.0,273.9,9.0,6480.62,99.0
158.0,158.0,97.39,5.0,5381.12,95.0
0.0,10.0,,0.0,157.86,6.0
139.0,131.0,302.7,4.0,4931.44,85.0
0.0,44.0,147.6,1.0,1328.55,11.0
0.0,48.0,,0.0,1739.18,37.0
78.0,73.0,-5.0,1.0,4365.16,54.0
96.0,29.0,,0.0,758.11,15.0
112.0,74.0,,0.0,6737.89,71.0
219.0,84.0,,0.0,6701.0,74.0
0.0,6.0,,0.0,216.64,3.0
0.0,53.0,,0.0,4276.38,46.0
115.0,94.0,,0.0,6261.1,78.0
126.0,73.0,,0.0,7168.29,59.0
108.0,82.0,,0.0,3814.81,64.0
216.0,104.0,,0.0,8140.09,65.0
0.0,6.0,,0.0,197.7,1.0
0.0,58.0,0.0,4.0,8003.53,46.0
125.0,85.0,0.0,1.0,8701.24,70.0
145.0,68.0,0.0,2.0,5197.73,42.0
119.0,74.0,,0.0,4677.19,50.0
185.0,92.0,0.0,2.0,8169.63,66.0
0.0,4.0,,0.0,263.33,3.0
0.0,54.0,0.0,2.0,3294.25,40.0
137.0,84.0,,0.0,5638.86,58.0
116.0,93.0,0.0,1.0,5445.85,56.0
115.0,91.0,,0.0,3921.8,40.0
175.0,122.0,,0.0,8576.73,107.0
110.0,80.0,0.0,3.0,3959.76,50.0
124.0,93.0,0.0,2.0,5582.81,58.0
0.0,5.0,,0.0,217.08,2.0
106.0,59.0,,0.0,5046.33,58.0
111.0,86.0,0.0,1.0,5963.88,70.0
250.0,91.0,0.0,2.0,5400.22,63.0
133.0,94.0,0.0,1.0,5469.15,71.0
107.0,56.0,,0.0,3936.43,50.0
122.0,96.0,0.0,1.0,5317.53,68.0
112.0,86.0,0.0,2.0,5792.19,54.0
93.0,83.0,0.0,2.0,3966.91,61.0
0.0,9.0,,0.0,633.62,8.0
106.0,89.0,0.0,1.0,2828.68,42.0
0.0,97.0,,0.0,3666.1,52.0
0.0,13.0,52.18,1.0,541.07,8.0
0.0,48.0,0.0,2.0,2272.92,27.0
0.0,105.0,,0.0,3339.72,43.0
217.0,76.0,0.0,3.0,13336.57,117.0
0.0,88.0,0.0,1.0,5449.83,72.0
119.0,107.0,0.0,1.0,7727.48,86.0
0.0,9.0,,0.0,90.41,7.0
222.0,78.0,0.0,4.0,3467.87,42.0
0.0,100.0,0.0,3.0,6206.43,76.0
146.0,86.0,0.0,1.0,4810.77,57.0
102.0,90.0,,0.0,5176.1,58.0
156.0,85.0,-2.5,1.0,3065.78,52.0
0.0,7.0,,0.0,177.46,2.0
101.0,95.0,,0.0,5371.38,65.0
125.0,90.0,-2.5,2.0,4013.3,63.0
192.0,93.0,,0.0,4374.17,64.0
158.0,111.0,0.0,4.0,5204.64,73.0
70.0,98.0,0.0,1.0,5076.97,67.0
115.0,64.0,0.0,1.0,2992.29,44.0
108.0,109.0,,0.0,6656.62,90.0
110.0,100.0,,0.0,9874.92,81.0
121.0,126.0,,0.0,5114.88,76.0
83.0,112.0,0.0,4.0,3325.27,65.0
0.0,13.0,,0.0,227.26,5.0
107.0,70.0,,0.0,3628.99,46.0
97.0,126.0,0.0,4.0,8890.54,95.0
0.0,130.0,0.0,1.0,4180.33,67.0
0.0,10.0,,0.0,208.68,6.0
0.0,72.0,0.0,1.0,3438.42,60.0
100.0,118.0,0.0,2.0,4824.87,98.0
103.0,102.0,0.0,3.0,3571.28,64.0
128.0,105.0,0.0,2.0,4727.83,69.0
139.0,114.0,,0.0,4526.98,93.0
84.0,106.0,0.0,2.0,4570.75,65.0
0.0,15.0,0.0,2.0,213.43,7.0
137.0,73.0,,0.0,3363.83,54.0
98.0,101.0,-5.0,2.0,5306.9,82.0
144.0,91.0,0.0,1.0,5821.51,85.0
305.0,110.0,,0.0,5196.71,92.0
0.0,114.0,0.0,2.0,3922.29,90.0
130.0,106.0,,0.0,4999.8,76.0
131.0,97.0,0.0,2.0,5522.47,58.0
202.0,100.0,0.0,1.0,3534.3,68.0
0.0,9.0,,0.0,227.83,3.0
0.0,67.0,0.0,1.0,2512.27,40.0
107.0,111.0,0.0,1.0,5128.57,82.0
124.0,63.0,0.0,2.0,7074.75,67.0
109.0,114.0,0.0,1.0,7356.79,93.0
141.0,98.0,0.0,6.0,4227.22,68.0
0.0,25.0,0.0,1.0,625.4,15.0
196.0,87.0,0.0,1.0,3299.76,63.0
0.0,79.0,0.0,3.0,4594.83,61.0
129.0,73.0,0.0,2.0,2721.35,51.0
204.0,100.0,0.0,4.0,3810.68,63.0
0.0,6.0,,0.0,71.82,2.0
0.0,60.0,,0.0,2787.48,45.0
98.0,87.0,,0.0,5519.75,71.0
322.0,77.0,,0.0,3666.31,58.0
0.0,86.0,0.0,1.0,3032.94,52.0
103.0,55.0,,0.0,2776.27,38.0
94.0,97.0,0.0,3.0,4464.47,68.0
107.0,108.0,0.0,2.0,6139.4,67.0
93.0,94.0,,0.0,5624.49,65.0
106.0,61.0,,0.0,4451.58,45.0
0.0,91.0,0.0,2.0,2805.21,36.0
145.0,79.0,0.0,3.0,6759.3,82.0
100.0,90.0,,0.0,4982.27,61.0
0.0,14.0,,0.0,1501.25,10.0
139.0,51.0,0.0,1.0,1616.67,32.0
114.0,91.0,-5.0,2.0,7525.41,90.0
140.0,83.0,0.0,2.0,5309.97,70.0
0.0,93.0,0.0,1.0,4593.59,67.0
0.0,8.0,,0.0,53.16,2.0
139.0,48.0,,0.0,4938.86,49.0
113.0,84.0,,0.0,4430.68,73.0
99.0,63.0,,0.0,5065.7,37.0
334.0,81.0,0.0,1.0,6979.01,61.0
0.0,7.0,,0.0,57.28,3.0
0.0,51.0,0.0,1.0,4514.59,55.0
103.0,95.0,0.0,3.0,8617.02,62.0
96.0,73.0,,0.0,4122.96,56.0
104.0,98.0,0.0,1.0,4912.96,68.0
213.0,93.0,0.0,1.0,4871.53,69.0
0.0,10.0,,0.0,625.68,6.0
0.0,90.0,,0.0,3516.77,55.0
0.0,108.0,,0.0,3297.89,48.0
120.0,62.0,0.0,2.0,4060.84,48.0
118.0,82.0,,0.0,8088.42,91.0
80.0,82.0,0.0,1.0,5560.7,58.0
1230.0,82.0,0.0,1.0,4207.33,65.0
0.0,81.0,0.0,1.0,5106.99,74.0
0.0,80.0,0.0,2.0,6130.96,71.0
0.0,85.0,-2.5,1.0,6202.41,69.0
0.0,11.0,,0.0,87.05,3.0
0.0,103.0,-2.5,2.0,4466.41,68.0
0.0,11.0,0.0,1.0,26.28,1.0
299.0,88.0,-2.5,3.0,3902.58,70.0
0.0,60.0,0.0,1.0,2750.3,45.0
201.0,111.0,0.0,4.0,3117.88,64.0
0.0,10.0,,0.0,37.04,3.0
297.0,67.0,,0.0,10196.24,83.0
0.0,9.0,,0.0,105.83,2.0
186.0,40.0,0.0,1.0,1822.26,28.0
94.0,85.0,0.0,1.0,3383.83,64.0
89.0,81.0,,0.0,4096.09,55.0
100.0,89.0,0.0,2.0,4025.62,69.0
0.0,8.0,,0.0,0.0,0.0
97.0,79.0,0.0,1.0,3427.87,45.0
112.0,100.0,,0.0,7755.44,66.0
209.0,81.0,0.0,2.0,5357.72,69.0
0.0,100.0,0.0,1.0,4908.16,72.0
97.0,85.0,,0.0,3248.92,60.0
266.0,94.0,0.0,1.0,4302.34,67.0
0.0,8.0,,0.0,0.0,0.0
0.0,67.0,,0.0,1446.5,30.0
0.0,95.0,-2.5,2.0,6448.04,86.0
102.0,79.0,0.0,2.0,3816.55,63.0
129.0,105.0,0.0,1.0,4154.05,78.0
93.0,46.0,0.0,1.0,3686.48,50.0
0.0,13.0,,0.0,0.0,0.0
122.0,65.0,0.0,1.0,2484.53,37.0
101.0,114.0,,0.0,5022.1,88.0
0.0,101.0,0.0,2.0,3040.55,40.0
372.0,114.0,0.0,1.0,15199.79,145.0
0.0,112.0,,0.0,7442.0,93.0
0.0,60.0,,0.0,1897.02,40.0
0.0,96.0,0.0,2.0,4669.37,63.0
0.0,33.0,,0.0,2524.81,33.0
0.0,4.0,,0.0,0.0,0.0
72.0,106.0,,0.0,5766.96,75.0
0.0,14.0,,0.0,0.0,0.0
0.0,44.0,0.0,2.0,2262.2,33.0
100.0,85.0,0.0,2.0,6704.14,87.0
92.0,92.0,,0.0,4234.65,55.0
100.0,69.0,,0.0,4463.25,66.0
113.0,91.0,0.0,1.0,2916.66,55.0
0.0,5.0,,0.0,0.0,0.0
0.0,55.0,0.0,1.0,4325.67,39.0
99.0,105.0,0.0,1.0,5660.19,71.0
123.0,85.0,0.0,1.0,4762.24,65.0
140.0,97.0,,0.0,3787.42,57.0
99.0,94.0,0.0,1.0,1722.98,34.0
0.0,10.0,0.0,1.0,6978.6,32.0
89.0,62.0,,0.0,7053.6,80.0
93.0,83.0,,0.0,4571.27,77.0
230.0,90.0,0.0,1.0,5082.3,74.0
118.0,86.0,,0.0,3887.05,63.0
71.0,85.0,0.0,2.0,6887.88,84.0
0.0,5.0,,0.0,0.0,0.0
97.0,69.0,0.0,1.0,3769.43,43.0
103.0,86.0,0.0,1.0,4482.59,78.0
113.0,77.0,,0.0,3446.13,49.0
96.0,85.0,0.0,1.0,4475.65,67.0
0.0,8.0,,0.0,0.0,0.0
83.0,91.0,0.0,1.0,4541.09,75.0
101.0,92.0,,0.0,5177.21,71.0
131.0,104.0,0.0,2.0,4336.89,65.0
120.0,93.0,0.0,2.0,3149.17,61.0
127.0,84.0,,0.0,5144.1,81.0
0.0,12.0,,0.0,0.0,0.0
103.0,66.0,0.0,1.0,1900.11,38.0
137.0,81.0,0.0,2.0,2900.63,48.0
90.0,97.0,0.0,4.0,4304.64,69.0
291.0,105.0,,0.0,6362.19,93.0
0.0,11.0,,0.0,0.0,0.0
0.0,91.0,,0.0,2643.53,39.0
121.0,90.0,,0.0,10911.45,96.0
122.0,99.0,0.0,1.0,4785.48,64.0
160.0,74.0,0.0,1.0,3549.69,68.0
104.0,95.0,0.0,2.0,8365.26,99.0
0.0,9.0,,0.0,0.0,0.0
110.0,108.0,,0.0,4956.94,71.0
110.0,78.0,0.0,2.0,4445.72,78.0
112.0,105.0,0.0,1.0,5722.2,76.0
120.0,108.0,0.0,1.0,5547.96,83.0
119.0,103.0,0.0,4.0,7080.26,100.0
121.0,86.0,0.0,1.0,3162.21,56.0
602.0,89.0,0.0,1.0,3909.66,65.0
0.0,8.0,,0.0,0.0,0.0
0.0,82.0,0.0,1.0,5111.25,77.0
124.0,98.0,0.0,2.0,1579.82,40.0
153.0,117.0,0.0,1.0,5313.51,82.0
0.0,8.0,,0.0,0.0,0.0
142.0,67.0,0.0,2.0,2747.62,33.0
222.0,126.0,0.0,3.0,3120.59,55.0
118.0,123.0,0.0,1.0,13306.89,134.0
176.0,113.0,0.0,1.0,4286.44,85.0
0.0,18.0,,0.0,0.0,0.0
122.0,76.0,,0.0,2984.14,49.0
115.0,97.0,-5.0,2.0,4886.67,84.0
162.0,83.0,,0.0,2990.17,67.0
207.0,111.0,,0.0,4897.06,85.0
0.0,15.0,0.0,1.0,0.0,0.0
115.0,56.0,0.0,2.0,2995.07,51.0
123.0,99.0,0.0,2.0,4311.43,68.0
139.0,113.0,,0.0,4368.84,62.0
179.0,85.0,,0.0,6023.16,80.0
270.0,47.0,,0.0,2675.02,33.0
0.0,115.0,0.0,1.0,4899.06,92.0
149.0,104.0,0.0,2.0,5942.93,94.0
303.0,127.0,,0.0,4458.94,89.0
0.0,104.0,0.0,1.0,5929.04,90.0
148.0,103.0,0.0,1.0,5064.45,65.0
143.0,108.0,0.0,1.0,3798.9,69.0
139.0,98.0,0.0,1.0,2295.23,42.0
242.0,38.0,238.0,1.0,15175.4,53.0
0.0,9.0,0.0,1.0,0.0,0.0
122.0,58.0,279.7,2.0,3721.79,62.0
147.0,43.0,49.7,1.0,6098.51,57.0
0.0,9.0,,0.0,0.0,0.0
186.0,69.0,85.66,4.0,8040.94,52.0
86.0,70.0,119.4,5.0,8140.25,57.0
240.0,65.0,57.54,4.0,6275.96,50.0
0.0,59.0,197.67,4.0,6158.3,62.0
0.0,4.0,,0.0,0.0,0.0
72.0,61.0,81.0,3.0,6272.74,54.0
84.0,69.0,170.08,6.0,4191.98,42.0
178.0,57.0,122.3,2.0,4683.21,64.0
0.0,39.0,29.28,1.0,3630.34,42.0
95.0,73.0,46.8,2.0,5664.99,54.0
70.0,55.0,,0.0,3974.86,46.0
92.0,66.0,120.46,3.0,5982.7,60.0
93.0,84.0,161.99,3.0,4646.25,52.0
216.0,80.0,31.68,3.0,4527.75,50.0
95.0,77.0,30.0,1.0,10341.08,78.0
109.0,77.0,25.8,2.0,2725.8,48.0
140.0,84.0,58.77,2.0,5677.19,74.0
96.0,40.0,0.0,1.0,2590.47,39.0
71.0,64.0,14.65,1.0,3339.18,52.0
90.0,55.0,180.41,2.0,3605.69,53.0
108.0,67.0,58.1,4.0,5955.16,69.0
0.0,5.0,,0.0,0.0,0.0
82.0,91.0,54.6,3.0,3871.48,61.0
124.0,77.0,26.06,2.0,2768.34,62.0
143.0,73.0,4.53,2.0,5350.23,69.0
101.0,50.0,192.74,3.0,2308.67,39.0
122.0,88.0,64.0,3.0,3672.96,54.0
82.0,56.0,0.0,2.0,2072.35,33.0
0.0,78.0,17.2,2.0,1357.13,35.0
101.0,60.0,19.49,1.0,13047.29,77.0
122.0,81.0,202.04,4.0,5221.49,70.0
97.0,71.0,160.07,2.0,5212.61,72.0
91.0,53.0,113.64,2.0,3752.79,62.0
83.0,45.0,39.8,1.0,1765.73,29.0
65.0,80.0,56.69,3.0,3296.66,64.0
85.0,66.0,427.94,2.0,3556.11,60.0
174.0,82.0,110.44,6.0,6480.92,79.0
102.0,70.0,152.89,2.0,3499.8,51.0
87.0,79.0,119.14,5.0,3118.57,63.0
110.0,95.0,5.69,1.0,3487.01,79.0
0.0,7.0,,0.0,0.0,0.0
94.0,47.0,50.0,2.0,2464.42,34.0
83.0,96.0,98.49,7.0,5239.97,71.0
86.0,68.0,-537.0,2.0,2458.55,38.0
85.0,75.0,122.19,3.0,2519.95,51.0
518.0,90.0,66.0,2.0,4038.44,57.0
0.0,95.0,222.69,3.0,2684.83,45.0
0.0,9.0,,0.0,6104.36,12.0
0.0,49.0,-3.0,2.0,4896.84,57.0
0.0,94.0,203.38,2.0,4523.3,89.0
0.0,72.0,67.58,2.0,3630.16,63.0
59.0,76.0,19.02,1.0,3863.25,61.0
209.0,85.0,42.3,4.0,3835.82,76.0
0.0,84.0,,0.0,4493.23,77.0
0.0,8.0,22.0,1.0,0.0,0.0
70.0,39.0,,0.0,1456.92,25.0
98.0,89.0,281.13,6.0,5081.65,80.0
104.0,83.0,-1165.8,4.0,4359.97,67.0
83.0,89.0,130.47,5.0,2953.81,61.0
222.0,80.0,300.96,2.0,4821.84,71.0
0.0,102.0,244.16,4.0,5184.49,78.0
0.0,8.0,,0.0,,0.0
82.0,81.0,225.4,2.0,2546.28,56.0
242.0,71.0,23.0,1.0,4186.92,56.0
0.0,83.0,0.0,1.0,4870.16,58.0
164.0,96.0,27.3,1.0,3738.76,67.0
91.0,49.0,72.59,2.0,816.87,15.0
95.0,70.0,,0.0,7093.86,75.0
161.0,66.0,718.36,4.0,3371.18,51.0
0.0,57.0,20.0,1.0,4380.86,60.0
170.0,38.0,327.04,3.0,3523.58,36.0
0.0,6.0,33.09,1.0,0.0,0.0
0.0,39.0,,0.0,2846.76,40.0
98.0,79.0,,0.0,3959.88,72.0
79.0,62.0,5.59,1.0,2237.48,41.0
205.0,44.0,36.0,3.0,2296.09,31.0
0.0,60.0,-3.0,2.0,2873.59,41.0
0.0,5.0,,0.0,0.0,0.0
128.0,44.0,38.0,1.0,2269.04,29.0
142.0,69.0,74.7,2.0,3058.06,53.0
90.0,54.0,29.95,3.0,3732.86,38.0
90.0,59.0,69.59,5.0,4116.61,50.0
133.0,72.0,0.0,1.0,3276.97,46.0
0.0,10.0,,0.0,0.0,0.0
117.0,55.0,0.0,2.0,2331.34,31.0
114.0,66.0,23.79,2.0,4061.82,51.0
139.0,64.0,25.89,3.0,3745.89,51.0
0.0,3.0,31.69,1.0,0.0,0.0
118.0,78.0,259.86,7.0,3700.01,32.0
117.0,62.0,89.1,3.0,10958.53,66.0
136.0,64.0,86.7,2.0,5206.93,70.0
0.0,7.0,,0.0,0.0,0.0
118.0,42.0,0.0,1.0,1731.42,20.0
111.0,46.0,18.3,2.0,3028.31,39.0
109.0,57.0,137.5,2.0,5567.49,40.0
114.0,60.0,31.5,2.0,5161.52,47.0
139.0,54.0,,0.0,6668.31,49.0
118.0,63.0,37.0,2.0,7563.48,69.0
126.0,74.0,263.9,4.0,5447.59,52.0
141.0,66.0,174.9,3.0,5488.13,54.0
170.0,60.0,162.39,4.0,6829.89,53.0
99.0,68.0,142.4,2.0,5066.69,48.0
115.0,68.0,20.0,1.0,6805.07,62.0
121.0,65.0,292.82,5.0,6210.58,54.0
134.0,70.0,26.64,3.0,4421.98,51.0
218.0,62.0,718.5,2.0,5678.13,62.0
0.0,41.0,561.45,1.0,1719.42,28.0
88.0,77.0,45.5,1.0,9146.88,66.0
105.0,74.0,71.09,3.0,4105.93,48.0
146.0,85.0,31.89,4.0,2461.71,45.0
113.0,53.0,225.47,4.0,4867.88,60.0
83.0,55.0,-2.5,1.0,4405.38,59.0
143.0,75.0,247.7,4.0,3188.0,53.0
164.0,73.0,131.97,3.0,3158.07,58.0
108.0,40.0,48.0,5.0,2273.08,26.0
127.0,69.0,190.75,4.0,3341.66,58.0
126.0,69.0,362.28,4.0,4303.36,57.0
254.0,56.0,103.2,1.0,2474.73,46.0
0.0,6.0,0.0,1.0,0.0,0.0
0.0,43.0,123.89,3.0,1963.82,20.0
126.0,50.0,25.0,1.0,3922.38,47.0
105.0,68.0,117.0,4.0,4186.01,59.0
126.0,74.0,449.9,5.0,5676.64,63.0
135.0,72.0,149.6,3.0,4991.13,53.0
88.0,36.0,764.17,4.0,1752.49,28.0
99.0,74.0,178.19,6.0,3420.57,49.0
79.0,59.0,562.22,3.0,4325.39,43.0
0.0,8.0,,0.0,0.0,0.0
125.0,49.0,,0.0,986.56,21.0
125.0,94.0,101.97,3.0,2026.27,33.0
118.0,60.0,710.18,6.0,2109.46,46.0
94.0,80.0,74.63,4.0,2542.21,49.0
114.0,38.0,323.4,1.0,1987.53,27.0
116.0,80.0,53.0,2.0,5974.23,63.0
121.0,62.0,173.57,7.0,2739.93,45.0
103.0,70.0,424.86,2.0,3899.09,51.0
114.0,77.0,28.5,3.0,3129.25,62.0
91.0,77.0,75.22,3.0,3677.52,54.0
0.0,3.0,,0.0,0.0,0.0
90.0,26.0,104.7,1.0,1104.81,16.0
81.0,65.0,127.53,2.0,3826.56,54.0
92.0,52.0,50.03,2.0,3484.28,46.0
399.0,80.0,50.27,4.0,2964.59,47.0
0.0,68.0,60.03,2.0,3120.17,62.0
0.0,3.0,,0.0,0.0,0.0
0.0,87.0,243.28,3.0,3945.5,58.0
67.0,83.0,150.79,3.0,2691.69,62.0
93.0,34.0,150.69,1.0,1435.3,29.0
104.0,41.0,112.0,2.0,1082.03,20.0
103.0,83.0,172.22,5.0,2927.78,56.0
126.0,89.0,,0.0,2490.49,38.0
132.0,63.0,111.39,4.0,7198.95,84.0
0.0,7.0,,0.0,0.0,0.0
85.0,81.0,95.26,1.0,5330.3,80.0
124.0,81.0,123.0,3.0,3277.01,65.0
137.0,82.0,50.32,2.0,2999.32,58.0
138.0,62.0,20.2,1.0,3883.0,53.0
0.0,6.0,,0.0,0.0,0.0
121.0,68.0,14.49,5.0,4461.24,65.0
135.0,66.0,39.89,6.0,2819.83,48.0
0.0,6.0,,0.0,0.0,0.0
223.0,35.0,117.28,1.0,2305.36,32.0
0.0,75.0,0.0,1.0,2879.6,50.0
0.0,61.0,20.0,2.0,4081.02,49.0
201.0,75.0,1016.51,9.0,3003.98,43.0
0.0,76.0,33.9,2.0,3061.02,61.0
0.0,5.0,,0.0,0.0,0.0
72.0,41.0,49.16,2.0,1755.68,29.0
79.0,72.0,,0.0,1756.92,41.0
77.0,62.0,,0.0,2581.51,41.0
99.0,77.0,60.57,4.0,2928.26,40.0
85.0,81.0,113.62,2.0,2475.88,34.0
51.0,24.0,63.5,1.0,479.5,11.0
83.0,62.0,13.27,4.0,7673.51,54.0
102.0,52.0,0.0,1.0,2469.46,33.0
86.0,69.0,55.7,3.0,3782.24,65.0
84.0,26.0,,0.0,1915.0,24.0
81.0,68.0,190.4,3.0,4809.25,59.0
72.0,59.0,233.0,3.0,4046.15,49.0
101.0,73.0,443.93,7.0,2720.9,41.0
0.0,6.0,,0.0,0.0,0.0
70.0,64.0,50.29,3.0,3343.41,47.0
99.0,66.0,29.02,3.0,3265.9,53.0
84.0,86.0,77.45,3.0,4685.5,65.0
116.0,83.0,262.54,3.0,3819.34,56.0
0.0,6.0,,0.0,0.0,0.0
91.0,75.0,149.5,4.0,3533.43,61.0
90.0,73.0,25.5,1.0,4586.4,54.0
104.0,75.0,3.4,3.0,3605.53,53.0
90.0,104.0,36.54,4.0,3196.28,55.0
0.0,12.0,167.63,1.0,0.0,0.0
0.0,76.0,181.5,5.0,2965.79,31.0
0.0,86.0,98.5,2.0,1221.22,29.0
93.0,70.0,0.0,1.0,2044.09,42.0
291.0,80.0,72.27,3.0,3819.4,66.0
0.0,5.0,,0.0,0.0,0.0
0.0,44.0,155.4,1.0,2570.27,36.0
0.0,63.0,,0.0,4067.06,55.0
84.0,63.0,50.0,2.0,2884.91,53.0
81.0,77.0,52.39,2.0,3556.22,60.0
84.0,88.0,48.89,1.0,3566.62,61.0
113.0,95.0,195.69,3.0,5039.32,80.0
0.0,12.0,,0.0,0.0,0.0
82.0,40.0,367.46,4.0,2810.38,30.0
82.0,72.0,,0.0,3033.84,58.0
81.0,76.0,5.94,2.0,5325.9,58.0
88.0,81.0,72.2,1.0,4247.83,74.0
0.0,53.0,,0.0,2644.33,47.0
103.0,98.0,0.0,1.0,2869.5,56.0
119.0,85.0,167.29,3.0,4187.31,53.0
112.0,100.0,20.09,3.0,4120.81,60.0
133.0,111.0,14.86,1.0,4068.67,82.0
0.0,9.0,,0.0,0.0,0.0
124.0,55.0,114.18,2.0,1770.32,32.0
93.0,97.0,327.3,3.0,2347.19,29.0
84.0,84.0,170.09,3.0,9668.38,109.0
94.0,87.0,121.1,3.0,7176.39,89.0
117.0,87.0,102.98,2.0,7243.79,93.0
0.0,10.0,,0.0,0.0,0.0
125.0,94.0,-2.0,4.0,5878.88,98.0
278.0,88.0,25.78,3.0,5135.46,74.0
0.0,16.0,,0.0,988.27,3.0
114.0,62.0,604.07,1.0,2675.94,39.0
115.0,104.0,181.42,3.0,5379.22,87.0
325.0,106.0,763.1,4.0,3467.71,78.0
0.0,91.0,201.07,5.0,3588.22,57.0
144.0,102.0,141.16,3.0,6144.12,85.0
0.0,9.0,,0.0,0.0,0.0
98.0,55.0,0.0,1.0,2082.31,45.0
116.0,98.0,44.5,3.0,3554.02,79.0
105.0,102.0,114.37,4.0,4857.68,88.0
144.0,100.0,344.76,2.0,3911.94,77.0
115.0,110.0,48.59,2.0,5130.12,72.0
0.0,11.0,,0.0,0.0,0.0
118.0,65.0,39.19,3.0,1375.75,27.0
130.0,95.0,81.95,2.0,3227.41,62.0
120.0,104.0,52.75,3.0,3066.36,60.0
48.0,100.0,22.5,1.0,2007.86,42.0
121.0,17.0,,0.0,637.76,10.0
0.0,7.0,,0.0,5391.81,5.0
76.0,32.0,4.54,1.0,2099.62,28.0
108.0,56.0,137.23,1.0,1965.61,33.0
107.0,45.0,,0.0,1661.01,38.0
46.0,57.0,115.19,4.0,2816.16,38.0
17.0,7.0,,0.0,402.82,5.0
90.0,10.0,170.37,2.0,912.81,16.0
0.0,4.0,108.43,1.0,0.0,0.0
60.0,54.0,510.66,4.0,4685.48,57.0
95.0,52.0,40.63,1.0,2691.35,43.0
84.0,49.0,0.0,1.0,4814.2,46.0
89.0,32.0,294.18,3.0,3099.27,27.0
80.0,53.0,179.49,3.0,4405.4,47.0
74.0,51.0,20.83,1.0,5476.85,43.0
71.0,56.0,21.6,3.0,4871.33,44.0
65.0,54.0,317.25,6.0,2528.82,42.0
81.0,49.0,186.72,4.0,4749.52,43.0
80.0,68.0,83.06,1.0,2615.49,39.0
69.0,52.0,28.36,1.0,2238.49,30.0
94.0,59.0,28.5,3.0,5605.35,53.0
0.0,8.0,,0.0,0.0,0.0
72.0,69.0,130.91,8.0,1260.45,20.0
71.0,45.0,49.58,2.0,6030.89,58.0
87.0,60.0,23.76,1.0,3009.35,46.0
112.0,42.0,201.89,3.0,5243.2,59.0
76.0,69.0,206.6,1.0,3792.09,75.0
0.0,4.0,63.5,1.0,0.0,0.0
86.0,97.0,119.48,5.0,3801.18,65.0
101.0,72.0,51.39,1.0,3186.58,42.0
0.0,5.0,37.5,1.0,0.0,0.0
50.0,29.0,10.23,1.0,1395.29,20.0
49.0,56.0,819.28,8.0,1485.88,27.0
21.0,50.0,0.0,2.0,2363.57,34.0
69.0,61.0,63.23,3.0,4507.7,49.0
0.0,3.0,,0.0,0.0,0.0
69.0,65.0,274.02,3.0,2591.49,49.0
55.0,58.0,402.75,6.0,1246.27,29.0
56.0,47.0,69.6,1.0,1341.39,31.0
52.0,61.0,459.99,11.0,1667.51,32.0
0.0,4.0,42.0,1.0,0.0,0.0
57.0,28.0,146.5,4.0,721.11,25.0
59.0,59.0,231.57,5.0,6306.4,58.0
63.0,67.0,18.5,1.0,2518.94,54.0
0.0,11.0,30.0,1.0,0.0,0.0
53.0,54.0,17.41,1.0,1909.59,39.0
41.0,51.0,98.05,3.0,3074.74,39.0
50.0,45.0,6.99,2.0,1592.79,40.0
71.0,60.0,195.12,4.0,3064.77,46.0
74.0,49.0,107.93,2.0,2779.09,41.0
53.0,58.0,104.53,2.0,3790.37,59.0
57.0,63.0,62.54,3.0,2286.05,41.0
67.0,56.0,85.76,1.0,2810.94,40.0
66.0,73.0,384.26,6.0,3333.98,53.0
79.0,60.0,43.03,1.0,3319.62,41.0
59.0,45.0,,0.0,1343.17,27.0
45.0,59.0,409.36,3.0,1449.87,35.0
33.0,65.0,81.0,2.0,1524.06,38.0
69.0,48.0,195.41,5.0,986.56,29.0
80.0,73.0,133.66,4.0,1400.78,27.0
0.0,9.0,,0.0,0.0,0.0
45.0,42.0,69.06,2.0,11601.78,45.0
61.0,60.0,202.48,5.0,5218.89,77.0
67.0,44.0,0.0,1.0,2047.76,42.0
59.0,70.0,188.12,6.0,2300.83,33.0
102.0,69.0,147.15,2.0,3626.35,57.0
66.0,29.0,42.75,3.0,1425.02,24.0
55.0,71.0,283.42,4.0,1957.15,55.0
58.0,73.0,51.0,1.0,4697.72,50.0
65.0,70.0,326.72,4.0,2235.78,45.0
62.0,67.0,298.31,4.0,3726.48,60.0
0.0,5.0,489.0,1.0,0.0,0.0
59.0,71.0,308.43,10.0,2250.03,55.0
66.0,61.0,741.47,4.0,1275.12,31.0
62.0,58.0,343.4,5.0,2356.91,43.0
91.0,65.0,19.52,2.0,1949.64,45.0
59.0,38.0,153.96,2.0,1172.62,30.0
76.0,68.0,859.73,5.0,3849.95,55.0
77.0,62.0,69.59,3.0,1682.08,48.0
80.0,70.0,666.29,5.0,3201.58,44.0
150.0,26.0,65.66,2.0,767.88,16.0
0.0,79.0,306.76,6.0,1354.82,25.0
64.0,45.0,60.0,1.0,7927.89,57.0
152.0,75.0,22.23,5.0,1907.54,53.0
0.0,54.0,0.0,2.0,1738.87,46.0
0.0,38.0,40.5,2.0,1451.96,30.0
76.0,70.0,347.2,6.0,2731.3,40.0
0.0,2.0,,0.0,0.0,0.0
164.0,32.0,,0.0,1199.33,32.0
48.0,62.0,257.4,3.0,2193.38,44.0
77.0,55.0,65.43,3.0,3324.04,49.0
0.0,4.0,40.0,1.0,0.0,0.0
184.0,37.0,40.93,1.0,1754.87,26.0
0.0,62.0,347.09,5.0,4606.5,48.0
0.0,70.0,174.93,3.0,3414.83,47.0
0.0,2.0,,0.0,0.0,0.0
408.0,69.0,208.5,3.0,2724.69,53.0
0.0,56.0,0.67,2.0,2501.02,33.0
0.0,5.0,32.13,1.0,,0.0
90.0,59.0,65.93,1.0,2742.95,48.0
91.0,63.0,165.62,6.0,4520.15,56.0
0.0,11.0,10.5,1.0,0.0,0.0
115.0,42.0,532.76,3.0,2152.87,28.0
105.0,63.0,117.68,4.0,3521.23,44.0
107.0,51.0,56.1,2.0,2025.07,38.0
0.0,8.0,37.53,1.0,0.0,0.0
0.0,63.0,436.93,3.0,3778.92,49.0
211.0,65.0,101.61,4.0,2520.16,39.0
0.0,65.0,14.0,1.0,3558.65,56.0
101.0,67.0,248.06,1.0,4741.67,51.0
125.0,73.0,278.49,5.0,4529.58,45.0
115.0,75.0,72.77,3.0,2604.47,46.0
0.0,5.0,,0.0,0.0,0.0
187.0,46.0,,0.0,887.62,18.0
196.0,65.0,,0.0,2641.9,49.0
0.0,62.0,84.94,3.0,3917.68,52.0
98.0,35.0,,0.0,1831.05,30.0
80.0,64.0,103.1,4.0,2932.7,60.0
60.0,58.0,6.13,1.0,2472.01,37.0
82.0,58.0,,0.0,1679.31,39.0
0.0,7.0,16.51,1.0,0.0,0.0
0.0,36.0,50.9,2.0,2820.0,31.0
92.0,49.0,136.69,3.0,2734.71,39.0
89.0,49.0,14.53,1.0,2145.53,41.0
88.0,55.0,11.93,2.0,2775.96,51.0
160.0,74.0,68.43,2.0,3783.1,41.0
0.0,4.0,,0.0,0.0,0.0
62.0,66.0,71.7,2.0,2759.22,45.0
71.0,60.0,,0.0,3333.01,50.0
86.0,58.0,75.66,4.0,1153.1,29.0
71.0,68.0,55.64,2.0,2210.12,40.0
0.0,2.0,347.26,1.0,0.0,0.0
59.0,33.0,83.83,3.0,804.02,20.0
70.0,72.0,146.9,3.0,4934.74,41.0
113.0,61.0,36.51,5.0,9621.99,70.0
171.0,66.0,7.1,2.0,2351.45,51.0
0.0,30.0,32.0,1.0,1821.34,36.0
0.0,3.0,37.91,1.0,0.0,0.0
93.0,33.0,,0.0,1717.52,24.0
271.0,65.0,8.5,1.0,3137.8,52.0
0.0,75.0,119.38,4.0,2044.07,54.0
0.0,62.0,,0.0,2488.35,55.0
250.0,86.0,52.96,3.0,2391.15,54.0
0.0,60.0,79.92,2.0,2164.37,41.0
0.0,3.0,56.37,2.0,0.0,0.0
77.0,55.0,0.0,1.0,2154.27,38.0
84.0,70.0,25.0,1.0,2408.18,44.0
59.0,34.0,0.45,2.0,2754.2,37.0
84.0,59.0,,0.0,2670.67,49.0
79.0,62.0,7.63,1.0,3931.99,55.0
0.0,7.0,,0.0,0.0,0.0
84.0,82.0,25.5,1.0,2723.61,48.0
0.0,42.0,9.24,3.0,715.94,15.0
104.0,47.0,-230.27,4.0,1633.76,38.0
79.0,69.0,48.8,4.0,4826.46,77.0
138.0,74.0,-1316.93,3.0,4695.44,60.0
166.0,29.0,24.8,1.0,2025.62,30.0
64.0,50.0,0.0,1.0,2782.16,40.0
74.0,58.0,,0.0,2813.6,46.0
45.0,56.0,1.73,2.0,1837.64,30.0
175.0,27.0,52.7,2.0,1682.18,18.0
0.0,2.0,,0.0,0.0,0.0
0.0,22.0,6.5,1.0,197.18,7.0
0.0,28.0,694.29,2.0,1563.16,25.0
56.0,52.0,19.83,1.0,2184.75,35.0
92.0,58.0,17.5,1.0,3080.78,55.0
110.0,70.0,20.0,1.0,4174.86,62.0
0.0,7.0,,0.0,0.0,0.0
83.0,51.0,436.76,4.0,3806.25,40.0
76.0,63.0,,0.0,2262.54,32.0
162.0,66.0,147.53,2.0,2364.83,37.0
0.0,5.0,,0.0,0.0,0.0
59.0,57.0,87.95,3.0,10111.11,76.0
170.0,56.0,220.0,1.0,3398.78,57.0
95.0,78.0,114.92,2.0,3137.74,53.0
118.0,63.0,25.0,1.0,3310.93,44.0
0.0,7.0,,0.0,0.0,0.0
64.0,60.0,337.5,5.0,3365.56,58.0
85.0,66.0,60.5,2.0,4998.83,58.0
0.0,73.0,221.7,3.0,3660.35,53.0
0.0,8.0,,0.0,0.0,0.0
84.0,38.0,64.11,2.0,2507.96,34.0
85.0,62.0,285.0,1.0,4156.83,48.0
114.0,62.0,653.0,3.0,3978.95,47.0
134.0,91.0,102.0,1.0,2413.64,50.0
0.0,4.0,25.0,1.0,0.0,0.0
113.0,72.0,106.83,3.0,3850.76,58.0
143.0,94.0,25.0,1.0,3823.3,51.0
0.0,3.0,,0.0,0.0,0.0
65.0,55.0,,0.0,2234.51,44.0
90.0,66.0,319.43,2.0,2597.61,43.0
186.0,77.0,49.39,3.0,1616.78,32.0
102.0,62.0,173.0,1.0,8449.29,74.0
124.0,62.0,326.8,3.0,2123.19,55.0
0.0,7.0,,0.0,0.0,0.0
101.0,70.0,5.93,1.0,2857.23,57.0
89.0,64.0,0.0,1.0,2878.79,48.0
105.0,85.0,91.36,3.0,4878.91,67.0
0.0,3.0,14.3,1.0,0.0,0.0
76.0,57.0,41.73,2.0,2561.29,39.0
106.0,65.0,112.75,4.0,4004.38,56.0
132.0,75.0,57.7,4.0,2971.79,53.0
104.0,37.0,0.0,1.0,1224.65,29.0
100.0,86.0,44.63,2.0,3620.56,64.0
111.0,74.0,7.9,1.0,7524.28,50.0
88.0,78.0,240.0,2.0,2330.39,48.0
67.0,79.0,61.76,2.0,2494.15,58.0
80.0,49.0,,0.0,2045.18,35.0
108.0,68.0,31.73,4.0,1401.93,33.0
118.0,111.0,314.74,5.0,1415.27,31.0
131.0,85.0,14.43,1.0,10366.08,112.0
123.0,84.0,-5.0,1.0,7970.62,105.0
86.0,76.0,40.03,1.0,6027.79,89.0
86.0,72.0,544.7,2.0,3531.76,59.0
0.0,12.0,35.03,1.0,25.87,1.0
97.0,82.0,9.5,1.0,5495.95,72.0
82.0,101.0,331.63,6.0,6257.48,69.0
135.0,91.0,,0.0,6864.22,71.0
83.0,97.0,38.29,1.0,4180.23,71.0
121.0,48.0,0.0,1.0,2327.66,37.0
183.0,96.0,,0.0,4045.85,61.0
119.0,92.0,369.85,3.0,2908.27,51.0
101.0,80.0,0.0,1.0,3385.05,47.0
81.0,35.0,,0.0,533.66,10.0
0.0,7.0,,0.0,30.13,1.0
62.0,70.0,,0.0,2496.5,58.0
89.0,57.0,77.27,3.0,1881.65,33.0
58.0,56.0,134.2,1.0,2177.35,39.0
33.0,23.0,59.04,2.0,970.14,17.0
97.0,34.0,,0.0,3127.04,38.0
0.0,48.0,10.48,2.0,3950.01,32.0
79.0,42.0,387.1,3.0,5025.35,36.0
0.0,6.0,,0.0,0.0,0.0
133.0,33.0,,0.0,1707.08,11.0
0.0,41.0,453.17,3.0,5035.79,39.0
117.0,69.0,,0.0,3538.35,48.0
203.0,44.0,20.9,1.0,2708.33,30.0
0.0,3.0,,0.0,0.0,0.0
0.0,23.0,91.0,1.0,886.62,9.0
68.0,53.0,137.36,3.0,3073.73,37.0
82.0,63.0,142.7,2.0,4586.51,52.0
87.0,70.0,321.69,5.0,2880.78,41.0
0.0,4.0,,0.0,0.0,0.0
56.0,49.0,,0.0,1671.41,24.0
64.0,58.0,222.95,5.0,2846.61,29.0
86.0,61.0,27.95,1.0,3836.32,47.0
112.0,69.0,137.86,4.0,3577.6,62.0
0.0,8.0,,0.0,0.0,0.0
68.0,50.0,23.5,1.0,2803.39,36.0
61.0,69.0,147.0,4.0,2166.16,42.0
142.0,68.0,11.26,1.0,5098.72,63.0
0.0,39.0,,0.0,2571.96,39.0
0.0,5.0,,0.0,0.0,0.0
53.0,30.0,25.0,1.0,1570.2,21.0
46.0,60.0,297.96,3.0,3935.14,46.0
69.0,65.0,,0.0,3273.5,44.0
74.0,77.0,241.52,5.0,2952.88,47.0
60.0,36.0,91.04,2.0,1097.49,30.0
148.0,71.0,56.5,4.0,2463.58,38.0
0.0,70.0,148.25,4.0,1870.29,29.0
84.0,62.0,,0.0,2744.68,39.0
82.0,75.0,6.18,1.0,8492.75,103.0
0.0,4.0,,0.0,0.0,0.0
67.0,36.0,,0.0,2371.24,26.0
71.0,60.0,0.0,2.0,4298.15,57.0
62.0,70.0,,0.0,3643.34,48.0
81.0,67.0,20.0,1.0,3228.79,45.0
62.0,58.0,49.8,2.0,2710.48,59.0
73.0,57.0,,0.0,2925.49,53.0
64.0,60.0,170.87,3.0,3531.5,50.0
51.0,4.0,,0.0,0.0,0.0
81.0,79.0,180.75,6.0,1919.42,48.0
94.0,64.0,108.3,2.0,3819.19,45.0
69.0,67.0,191.0,1.0,2931.65,54.0
59.0,50.0,,0.0,1445.49,21.0
85.0,57.0,12.6,1.0,2476.07,45.0
52.0,66.0,4.08,1.0,1988.07,53.0
0.0,14.0,,0.0,0.0,0.0
48.0,54.0,3.5,1.0,8858.06,84.0
75.0,63.0,18.05,2.0,1744.29,43.0
83.0,52.0,40.34,2.0,2296.21,41.0
108.0,70.0,139.39,4.0,3394.14,60.0
120.0,67.0,152.69,1.0,3115.01,53.0
0.0,3.0,,0.0,0.0,0.0
75.0,34.0,74.6,1.0,2073.56,31.0
70.0,47.0,,0.0,2833.96,44.0
62.0,59.0,0.0,1.0,5405.64,50.0
101.0,68.0,95.49,1.0,2798.8,58.0
0.0,7.0,,0.0,0.0,0.0
67.0,39.0,,0.0,2489.86,37.0
64.0,52.0,,0.0,2474.5,48.0
79.0,45.0,49.7,2.0,2138.63,37.0
107.0,65.0,109.44,3.0,2423.36,39.0
0.0,3.0,105.0,1.0,0.0,0.0
80.0,34.0,,0.0,405.3,21.0
66.0,77.0,6.5,1.0,3678.68,62.0
67.0,71.0,99.65,1.0,2156.14,45.0
78.0,61.0,51.79,2.0,934.7,32.0
87.0,73.0,225.15,2.0,2586.52,55.0
85.0,90.0,25.3,2.0,2822.19,48.0
0.0,7.0,41.65,1.0,0.0,0.0
74.0,41.0,,0.0,1333.29,24.0
78.0,53.0,0.0,1.0,957.98,29.0
58.0,69.0,152.0,1.0,3027.3,53.0
74.0,25.0,,0.0,1544.17,30.0
0.0,3.0,,0.0,0.0,0.0
84.0,37.0,19.55,1.0,1651.4,27.0
61.0,61.0,108.05,4.0,2691.41,50.0
94.0,69.0,105.0,1.0,5024.58,65.0
0.0,6.0,,0.0,0.0,0.0
99.0,37.0,60.93,2.0,1893.46,31.0
91.0,64.0,107.67,3.0,3789.12,47.0
92.0,57.0,159.0,3.0,3297.73,45.0
117.0,70.0,,0.0,3980.87,63.0
0.0,3.0,,0.0,0.0,0.0
74.0,29.0,16.3,1.0,1855.75,24.0
100.0,77.0,289.85,1.0,5067.33,62.0
112.0,56.0,,0.0,4298.93,41.0
126.0,75.0,106.89,2.0,3735.33,55.0
116.0,74.0,0.0,1.0,3758.87,51.0
102.0,75.0,17.69,2.0,2727.91,52.0
89.0,65.0,5.55,1.0,4165.34,39.0
116.0,83.0,48.19,1.0,4236.75,57.0
128.0,73.0,57.55,1.0,2613.0,37.0
0.0,13.0,,0.0,7297.99,13.0
96.0,56.0,105.92,3.0,7587.65,60.0
120.0,76.0,31.45,1.0,2171.6,53.0
104.0,73.0,168.65,2.0,4765.98,50.0
143.0,71.0,0.0,1.0,4470.39,57.0
0.0,4.0,,0.0,0.0,0.0
132.0,44.0,9.3,1.0,1816.43,32.0
111.0,58.0,1367.4,3.0,5276.11,55.0
163.0,81.0,,0.0,6672.52,60.0
170.0,63.0,191.35,3.0,8288.52,57.0
115.0,39.0,174.18,3.0,1257.13,21.0
111.0,63.0,194.62,5.0,5904.13,59.0
110.0,51.0,,0.0,5602.48,42.0
129.0,65.0,,0.0,2973.22,51.0
146.0,76.0,23.5,1.0,3556.22,45.0
117.0,42.0,0.0,1.0,2500.6,29.0
101.0,55.0,88.99,2.0,4164.0,38.0
102.0,43.0,,0.0,1592.61,23.0
161.0,71.0,74.5,1.0,4833.68,50.0
155.0,79.0,8.5,1.0,2596.58,32.0
0.0,8.0,,0.0,0.0,0.0
121.0,35.0,9.25,1.0,1367.85,23.0
95.0,68.0,65.5,2.0,1336.38,26.0
111.0,55.0,0.0,1.0,8223.18,76.0
107.0,65.0,7.5,4.0,4654.98,56.0
0.0,7.0,,0.0,0.0,0.0
100.0,32.0,0.0,1.0,2417.95,26.0
96.0,68.0,23.15,3.0,4035.52,60.0
107.0,63.0,26.98,2.0,3464.01,41.0
121.0,66.0,90.68,1.0,5213.85,43.0
87.0,31.0,,0.0,1792.2,28.0
57.0,63.0,0.0,1.0,3165.77,55.0
90.0,47.0,,0.0,3846.15,45.0
111.0,64.0,49.5,2.0,2642.57,44.0
0.0,8.0,117.16,1.0,0.0,0.0
53.0,29.0,0.0,1.0,850.18,19.0
58.0,59.0,120.0,2.0,5011.42,50.0
0.0,73.0,0.0,3.0,1692.46,38.0
83.0,40.0,0.0,1.0,3732.61,38.0
200.0,63.0,0.0,1.0,2911.9,38.0
47.0,78.0,15.09,1.0,8906.28,75.0
105.0,23.0,0.0,1.0,2248.99,28.0
96.0,36.0,111.5,1.0,2727.91,39.0
115.0,82.0,12.5,4.0,4108.12,52.0
86.0,59.0,0.0,1.0,3202.33,44.0
99.0,49.0,,0.0,2698.37,37.0
115.0,62.0,0.0,2.0,2675.97,49.0
60.0,39.0,40.0,3.0,2152.76,22.0
53.0,65.0,,0.0,3300.35,56.0
335.0,79.0,17.5,1.0,4735.84,60.0
0.0,68.0,,0.0,3074.66,48.0
0.0,5.0,,0.0,0.0,0.0
0.0,42.0,129.06,2.0,968.93,21.0
0.0,77.0,54.85,1.0,5965.92,66.0
74.0,62.0,0.0,2.0,4153.9,50.0
101.0,53.0,,0.0,2345.01,46.0
78.0,55.0,,0.0,1877.77,43.0
0.0,10.0,37.0,1.0,0.0,0.0
75.0,50.0,100.0,1.0,1640.36,32.0
72.0,91.0,,0.0,3505.46,54.0
83.0,65.0,20.72,1.0,2390.53,33.0
68.0,62.0,115.64,1.0,1382.52,28.0
118.0,34.0,7.25,1.0,624.44,12.0
0.0,6.0,,0.0,0.0,0.0
97.0,37.0,29.0,1.0,7405.09,52.0
74.0,66.0,,0.0,4891.45,69.0
111.0,57.0,0.0,1.0,3615.19,50.0
105.0,76.0,,0.0,4234.42,67.0
89.0,49.0,26.5,1.0,631.27,24.0
73.0,74.0,5.5,3.0,2923.36,62.0
107.0,65.0,168.65,1.0,6230.11,45.0
0.0,68.0,0.0,2.0,3143.6,46.0
0.0,8.0,,0.0,0.0,0.0
68.0,74.0,71.5,2.0,4968.43,59.0
92.0,78.0,48.5,1.0,4248.86,64.0
0.0,3.0,,0.0,0.0,0.0
79.0,37.0,,0.0,2739.77,37.0
91.0,67.0,,0.0,4652.06,57.0
92.0,69.0,16.5,2.0,2236.48,45.0
92.0,70.0,23.5,4.0,1884.89,47.0
137.0,90.0,0.0,3.0,2351.33,54.0
141.0,76.0,0.0,1.0,1820.02,34.0
0.0,7.0,,0.0,0.0,0.0
107.0,52.0,96.65,2.0,670.33,20.0
96.0,62.0,0.0,2.0,2563.6,23.0
93.0,70.0,0.0,1.0,8011.34,85.0
0.0,67.0,,0.0,3794.95,46.0
129.0,40.0,-137.0,2.0,1886.37,27.0
0.0,10.0,,0.0,0.0,0.0
87.0,30.0,10.05,1.0,2457.75,24.0
10286.0,34.0,17.55,1.0,2020.78,28.0
0.0,52.0,60.5,1.0,5089.07,49.0
0.0,64.0,79.4,1.0,4560.19,71.0
0.0,79.0,39.66,1.0,3263.71,77.0
0.0,64.0,0.0,1.0,446.07,11.0
0.0,60.0,,0.0,3355.15,38.0
0.0,69.0,,0.0,2408.84,46.0
0.0,72.0,0.0,1.0,3104.58,68.0
0.0,7.0,,0.0,0.0,0.0
0.0,64.0,,0.0,2103.81,43.0
0.0,71.0,,0.0,2376.54,48.0
0.0,67.0,205.5,2.0,3714.31,37.0
0.0,1.0,,0.0,0.0,0.0
0.0,75.0,,0.0,2930.57,49.0
0.0,69.0,10.0,1.0,2740.0,47.0
0.0,85.0,0.0,1.0,2126.58,46.0
0.0,77.0,16.45,1.0,1308.66,21.0
0.0,9.0,,0.0,0.0,0.0
0.0,39.0,,0.0,1341.72,26.0
0.0,90.0,111.87,3.0,4747.76,89.0
0.0,58.0,,0.0,1867.17,48.0
0.0,63.0,0.0,2.0,2482.9,41.0
0.0,90.0,0.0,2.0,2869.11,58.0
0.0,2.0,,0.0,0.0,0.0
0.0,36.0,,0.0,1150.05,31.0
0.0,69.0,,0.0,2892.09,48.0
0.0,70.0,2.5,1.0,2335.69,49.0
0.0,78.0,,0.0,3012.92,51.0
0.0,58.0,10.0,1.0,2978.67,55.0
0.0,36.0,,0.0,1887.04,23.0
0.0,69.0,0.0,2.0,2749.45,52.0
0.0,70.0,,0.0,1968.07,45.0
0.0,89.0,,0.0,1654.04,57.0
0.0,102.0,30.8,5.0,745.87,30.0
0.0,2.0,,0.0,5013.4,6.0
0.0,44.0,,0.0,4372.57,56.0
0.0,66.0,0.0,1.0,2967.35,56.0
0.0,76.0,,0.0,2136.21,43.0
0.0,79.0,,0.0,3557.32,83.0
0.0,4.0,,0.0,0.0,0.0
0.0,69.0,,0.0,1253.07,17.0
0.0,60.0,8.31,1.0,1934.78,53.0
0.0,96.0,,0.0,2664.07,56.0
0.0,79.0,8.5,2.0,6131.51,112.0
0.0,33.0,0.0,1.0,664.39,20.0
0.0,74.0,14.72,3.0,1530.45,20.0
0.0,57.0,23.5,1.0,1139.34,17.0
0.0,76.0,,0.0,1996.8,47.0
0.0,73.0,,0.0,3966.49,70.0
0.0,83.0,87.0,2.0,2553.17,50.0
0.0,2.0,,0.0,156.9,1.0
0.0,43.0,,0.0,2405.27,39.0
0.0,69.0,22.6,1.0,1601.86,35.0
0.0,80.0,,0.0,2074.83,39.0
0.0,77.0,0.0,1.0,986.57,25.0
0.0,11.0,,0.0,492.96,7.0
0.0,15.0,,0.0,91.05,5.0
0.0,37.0,196.0,1.0,16429.67,33.0
0.0,39.0,,0.0,2160.07,31.0
0.0,12.0,21.84,1.0,684.91,6.0
0.0,6.0,18.74,2.0,392.58,3.0
0.0,42.0,-159.05,1.0,1437.82,41.0
0.0,48.0,,0.0,1908.71,37.0
0.0,3.0,,0.0,0.0,0.0
0.0,37.0,,0.0,2890.33,34.0
0.0,43.0,,0.0,2156.31,36.0
0.0,68.0,,0.0,5836.34,41.0
0.0,26.0,,0.0,3347.31,29.0
0.0,44.0,,0.0,1947.85,28.0
0.0,48.0,,0.0,4211.3,40.0
0.0,73.0,,0.0,6306.41,53.0
0.0,5.0,,0.0,179.58,1.0
0.0,32.0,,0.0,2967.68,22.0
0.0,44.0,,0.0,1427.24,24.0
0.0,61.0,0.0,1.0,1395.29,34.0
0.0,59.0,30.95,1.0,2328.64,22.0
0.0,7.0,,0.0,0.0,0.0
0.0,48.0,,0.0,3824.46,47.0
0.0,63.0,133.5,1.0,4271.69,54.0
0.0,58.0,17.5,1.0,2871.79,45.0
0.0,56.0,24.7,1.0,2554.28,42.0
0.0,58.0,,0.0,4048.47,51.0
0.0,25.0,0.0,1.0,4073.49,21.0
0.0,60.0,,0.0,2667.04,48.0
0.0,50.0,0.0,1.0,2734.61,32.0
0.0,66.0,,0.0,4380.89,49.0
0.0,4.0,,0.0,0.0,0.0
0.0,48.0,7.28,1.0,2980.41,41.0
0.0,54.0,,0.0,1597.83,31.0
77.0,61.0,19.94,3.0,1957.87,38.0
68.0,58.0,,0.0,4396.58,60.0
75.0,34.0,8.33,1.0,2916.04,20.0
73.0,70.0,,0.0,3465.86,52.0
85.0,77.0,,0.0,3359.74,46.0
68.0,84.0,16.0,1.0,1586.11,29.0
0.0,6.0,,0.0,0.0,0.0
91.0,36.0,,0.0,8442.96,56.0
71.0,53.0,0.0,1.0,2904.81,77.0
60.0,47.0,40.0,1.0,2197.19,42.0
59.0,57.0,20.0,1.0,3376.15,53.0
95.0,60.0,19.0,1.0,4330.02,39.0
0.0,5.0,,0.0,0.0,0.0
74.0,23.0,17.5,1.0,399.53,13.0
86.0,60.0,25.0,1.0,3358.66,37.0
91.0,56.0,0.0,1.0,1765.89,44.0
0.0,9.0,0.0,1.0,0.0,0.0
73.0,74.0,44.0,1.0,2243.01,45.0
118.0,65.0,,0.0,3245.74,48.0
130.0,73.0,,0.0,3323.76,49.0
0.0,6.0,,0.0,0.0,0.0
65.0,70.0,,0.0,2401.21,49.0
85.0,50.0,,0.0,2516.4,37.0
83.0,67.0,,0.0,3232.45,45.0
87.0,71.0,,0.0,1526.51,40.0
0.0,6.0,,0.0,0.0,0.0
78.0,45.0,,0.0,1841.93,26.0
88.0,64.0,,0.0,3359.37,37.0
97.0,64.0,,0.0,9647.72,98.0
89.0,38.0,,0.0,1491.12,24.0
115.0,44.0,,0.0,1902.96,44.0
129.0,53.0,,0.0,3127.06,55.0
110.0,73.0,,0.0,5028.26,65.0
0.0,4.0,,0.0,0.0,0.0
81.0,41.0,36.95,1.0,1900.25,26.0
87.0,71.0,25.0,1.0,2553.97,55.0
95.0,63.0,,0.0,1104.72,29.0
122.0,69.0,,0.0,2097.46,49.0
98.0,60.0,,0.0,2308.74,48.0
79.0,71.0,,0.0,2646.82,46.0
258.0,57.0,,0.0,1535.96,34.0
0.0,55.0,,0.0,1647.28,34.0
141.0,84.0,0.0,1.0,3063.62,57.0
97.0,62.0,86.5,2.0,1612.95,25.0
81.0,80.0,4.8,1.0,1527.49,25.0
123.0,29.0,,0.0,2243.4,38.0
91.0,63.0,0.0,1.0,3348.64,46.0
92.0,55.0,0.0,1.0,4206.49,48.0
0.0,10.0,,0.0,0.0,0.0
0.0,49.0,,0.0,1780.23,28.0
111.0,67.0,0.0,1.0,2328.25,40.0
0.0,8.0,,0.0,0.0,0.0
88.0,32.0,,0.0,1662.62,22.0
83.0,56.0,,0.0,2452.76,44.0
84.0,43.0,,0.0,2005.31,30.0
101.0,50.0,142.0,1.0,3833.48,41.0
0.0,8.0,,0.0,0.0,0.0
0.0,66.0,,0.0,2278.0,45.0
135.0,73.0,90.0,2.0,2559.81,43.0
125.0,70.0,,0.0,4391.17,39.0
0.0,4.0,,0.0,0.0,0.0
114.0,60.0,,0.0,5600.64,88.0
123.0,97.0,0.0,1.0,3814.41,58.0
101.0,59.0,,0.0,3012.31,48.0
124.0,64.0,,0.0,6918.93,61.0
121.0,40.0,,0.0,3698.1,42.0
91.0,57.0,,0.0,7334.88,56.0
89.0,49.0,,0.0,4230.63,45.0
105.0,63.0,,0.0,3264.63,48.0
139.0,65.0,,0.0,4403.92,46.0
0.0,8.0,,0.0,0.0,0.0
88.0,64.0,,0.0,3738.63,53.0
90.0,49.0,,0.0,2757.24,41.0
122.0,72.0,0.0,1.0,3678.57,41.0
109.0,55.0,25.0,1.0,2450.68,39.0
123.0,52.0,,0.0,3230.91,37.0
0.0,10.0,,0.0,0.0,0.0
118.0,42.0,0.0,1.0,2135.39,28.0
106.0,49.0,,0.0,2800.61,36.0
102.0,77.0,,0.0,4447.33,52.0
0.0,6.0,,0.0,0.0,0.0
78.0,34.0,,0.0,2732.31,18.0
97.0,67.0,22.28,1.0,2678.57,37.0
107.0,60.0,14.0,1.0,1335.13,22.0
107.0,80.0,,0.0,1928.3,24.0
164.0,58.0,,0.0,7066.58,70.0
0.0,6.0,,0.0,0.0,0.0
88.0,38.0,,0.0,1682.58,28.0
95.0,67.0,,0.0,4066.4,60.0
108.0,55.0,,0.0,2433.11,30.0
119.0,48.0,,0.0,2719.09,35.0
76.0,60.0,0.0,1.0,3286.16,39.0
0.0,6.0,,0.0,0.0,0.0
75.0,28.0,,0.0,1181.97,19.0
90.0,86.0,0.0,1.0,3995.92,52.0
60.0,49.0,0.0,1.0,1318.7,25.0
160.0,59.0,59.69,1.0,2248.6,36.0
0.0,61.0,,0.0,2778.04,37.0
66.0,33.0,,0.0,532.36,18.0
88.0,56.0,,0.0,2152.17,40.0
107.0,67.0,0.0,1.0,3309.85,50.0
82.0,55.0,0.0,1.0,1427.53,36.0
89.0,66.0,,0.0,3125.76,36.0
0.0,7.0,,0.0,0.0,0.0
87.0,62.0,,0.0,2599.29,40.0
77.0,57.0,0.0,1.0,1552.24,36.0
105.0,68.0,,0.0,3129.25,39.0
98.0,68.0,0.0,1.0,1422.62,27.0
123.0,75.0,,0.0,988.89,17.0
0.0,8.0,,0.0,271.74,6.0
78.0,62.0,0.0,1.0,5668.17,71.0
99.0,65.0,0.0,1.0,2275.29,51.0
34.0,64.0,,0.0,3592.64,46.0
99.0,21.0,,0.0,1182.93,20.0
0.0,5.0,,0.0,0.0,0.0
98.0,55.0,,0.0,1302.91,31.0
91.0,57.0,,0.0,3400.39,49.0
104.0,61.0,,0.0,2587.72,39.0
89.0,55.0,,0.0,2615.35,41.0
88.0,75.0,,0.0,2303.11,31.0
90.0,59.0,,0.0,4317.17,45.0
81.0,76.0,0.0,1.0,3620.19,52.0
0.0,5.0,,0.0,,0.0
91.0,37.0,,0.0,2263.69,19.0
125.0,64.0,,0.0,3217.22,45.0
83.0,89.0,47.0,1.0,2815.22,47.0
89.0,33.0,,0.0,1184.68,17.0
105.0,47.0,,0.0,8780.77,64.0
84.0,71.0,,0.0,4590.8,65.0
71.0,71.0,,0.0,4863.02,56.0
0.0,7.0,,0.0,,0.0
87.0,51.0,,0.0,1659.19,31.0
89.0,43.0,,0.0,1524.4,25.0
68.0,60.0,,0.0,2396.07,32.0
67.0,46.0,,0.0,2329.16,34.0
0.0,6.0,,0.0,0.0,0.0
74.0,37.0,,0.0,821.99,20.0
54.0,47.0,,0.0,3145.83,32.0
106.0,61.0,,0.0,2765.86,27.0
73.0,57.0,,0.0,1733.46,38.0
61.0,29.0,,0.0,1710.79,18.0
65.0,60.0,0.0,1.0,3379.19,42.0
84.0,63.0,108.09,1.0,3691.35,47.0
32.0,68.0,,0.0,3476.08,30.0
52.0,32.0,10.66,1.0,1462.72,14.0
65.0,21.0,,0.0,1216.85,15.0
67.0,54.0,,0.0,1578.58,20.0
84.0,54.0,,0.0,834.66,13.0
71.0,60.0,,0.0,6179.11,76.0
0.0,7.0,,0.0,0.0,0.0
68.0,46.0,0.0,1.0,2138.2,31.0
154.0,46.0,,0.0,3816.98,48.0
0.0,73.0,77.5,1.0,2419.07,34.0
71.0,40.0,,0.0,3796.9,44.0
100.0,56.0,,0.0,4031.68,54.0
0.0,5.0,,0.0,0.0,0.0
79.0,70.0,,0.0,3253.84,49.0
74.0,60.0,0.0,1.0,3143.99,42.0
86.0,63.0,,0.0,2790.42,42.0
100.0,72.0,,0.0,2581.18,44.0
72.0,38.0,,0.0,1549.15,27.0
80.0,50.0,,0.0,1885.69,27.0
89.0,54.0,0.0,1.0,2183.89,23.0
135.0,70.0,,0.0,1853.1,36.0
105.0,71.0,0.0,1.0,2181.41,45.0
0.0,7.0,,0.0,0.0,0.0
83.0,42.0,,0.0,741.42,17.0
63.0,68.0,,0.0,1364.53,23.0
82.0,70.0,0.0,1.0,2216.53,36.0
93.0,85.0,,0.0,1931.59,38.0
0.0,4.0,,0.0,0.0,0.0
89.0,34.0,,0.0,4246.51,45.0
79.0,57.0,,0.0,2584.38,42.0
84.0,61.0,,0.0,2827.71,39.0
94.0,59.0,,0.0,3099.39,46.0
64.0,57.0,,0.0,1942.28,41.0
50.0,41.0,,0.0,1665.39,27.0
92.0,43.0,55.68,1.0,2991.93,37.0
65.0,51.0,,0.0,1367.05,30.0
51.0,62.0,,0.0,1923.46,40.0
76.0,56.0,,0.0,1650.36,30.0
86.0,62.0,,0.0,2970.54,48.0
0.0,4.0,,0.0,0.0,0.0
56.0,77.0,,0.0,2127.73,40.0
61.0,77.0,,0.0,1236.94,21.0
151.0,32.0,,0.0,4363.28,50.0
0.0,52.0,,0.0,6930.39,81.0
64.0,56.0,,0.0,2528.6,41.0
78.0,54.0,0.0,1.0,2270.5,37.0
68.0,64.0,,0.0,3070.51,62.0
0.0,4.0,,0.0,0.0,0.0
80.0,37.0,,0.0,1855.77,30.0
65.0,62.0,,0.0,1473.88,31.0
85.0,49.0,,0.0,2360.36,34.0
78.0,58.0,,0.0,2608.38,35.0
78.0,72.0,21.5,2.0,2379.08,43.0
0.0,9.0,,0.0,0.0,0.0
83.0,42.0,,0.0,1481.17,25.0
106.0,62.0,68.83,2.0,1725.5,33.0
87.0,41.0,,0.0,2850.04,45.0
0.0,75.0,0.0,1.0,3888.76,43.0
0.0,8.0,,0.0,0.0,0.0
0.0,46.0,0.0,2.0,769.06,20.0
110.0,69.0,22.44,1.0,3655.77,55.0
104.0,82.0,26.5,1.0,1332.23,34.0
416.0,76.0,,0.0,1988.6,35.0
0.0,56.0,,0.0,1645.19,31.0
0.0,77.0,,0.0,2563.75,37.0
0.0,61.0,0.0,1.0,1577.74,21.0
0.0,37.0,0.0,1.0,3841.37,28.0
0.0,4.0,,0.0,0.0,0.0
0.0,16.0,,0.0,1673.38,14.0
0.0,38.0,,0.0,3386.19,36.0
0.0,39.0,,0.0,2645.18,26.0
0.0,3.0,,0.0,0.0,0.0
66.0,29.0,0.0,1.0,1806.47,20.0
78.0,47.0,,0.0,4742.28,42.0
71.0,44.0,,0.0,4919.94,30.0
113.0,30.0,,0.0,2680.05,28.0
107.0,29.0,,0.0,2831.56,32.0
122.0,41.0,,0.0,6994.67,32.0
103.0,48.0,0.0,1.0,3698.89,35.0
62.0,63.0,,0.0,1336.79,20.0
87.0,588.0,0.0,1.0,3622.81,36.0
113.0,2225.0,172.06,7.0,3619.82,35.0
61.0,45.0,,0.0,3896.16,42.0
80.0,50.0,,0.0,1824.77,19.0
108.0,44.0,,0.0,1048.06,16.0
102.0,44.0,,0.0,755.22,14.0
110.0,43.0,0.0,1.0,2914.67,43.0
103.0,42.0,,0.0,3973.51,42.0
98.0,35.0,,0.0,3891.4,31.0
0.0,5.0,,0.0,0.0,0.0
77.0,22.0,,0.0,1645.13,16.0
99.0,27.0,,0.0,4040.01,32.0
99.0,34.0,,0.0,2362.46,33.0
0.0,9.0,0.0,1.0,0.0,0.0
109.0,22.0,,0.0,1081.04,13.0
105.0,30.0,,0.0,4698.96,37.0
126.0,40.0,0.0,1.0,2539.45,34.0
116.0,53.0,,0.0,3457.51,24.0
102.0,40.0,,0.0,1859.43,19.0
90.0,43.0,,0.0,2200.56,38.0
100.0,47.0,,0.0,1030.77,21.0
106.0,34.0,49.8,1.0,1079.89,20.0
87.0,25.0,,0.0,232.94,6.0
86.0,32.0,,0.0,1742.09,22.0
105.0,25.0,,0.0,2337.8,26.0
85.0,31.0,,0.0,2280.88,30.0
0.0,6.0,,0.0,0.0,0.0
70.0,34.0,,0.0,1596.14,29.0
75.0,30.0,0.0,1.0,908.9,22.0
117.0,31.0,,0.0,1994.43,19.0
112.0,24.0,,0.0,2054.7,14.0
72.0,30.0,0.0,2.0,577.5,6.0
78.0,17.0,9.66,1.0,2529.23,24.0
91.0,26.0,,0.0,841.46,20.0
0.0,3.0,,0.0,0.0,0.0
75.0,30.0,0.0,2.0,1214.68,20.0
235.0,23.0,,0.0,652.93,14.0
0.0,14.0,,0.0,526.16,8.0
77.0,28.0,,0.0,450.9,13.0
96.0,32.0,0.0,1.0,4566.64,52.0
94.0,30.0,,0.0,1380.61,23.0
0.0,6.0,,0.0,0.0,0.0
72.0,14.0,,0.0,1057.35,15.0
70.0,31.0,,0.0,2168.71,30.0
72.0,29.0,,0.0,1139.19,29.0
54.0,28.0,,0.0,1553.61,22.0
0.0,2.0,,0.0,0.0,0.0
66.0,5.0,,0.0,388.79,12.0
0.0,23.0,,0.0,786.29,13.0
231.0,23.0,,0.0,855.68,14.0
0.0,21.0,,0.0,404.33,18.0
0.0,30.0,,0.0,710.57,19.0
69.0,29.0,,0.0,543.12,12.0
74.0,18.0,,0.0,979.54,10.0
134.0,31.0,,0.0,1298.89,19.0
0.0,3.0,,0.0,0.0,0.0
0.0,6.0,,0.0,92.09,4.0
80.0,21.0,,0.0,1164.91,14.0
90.0,27.0,0.0,2.0,567.16,13.0
84.0,20.0,,0.0,987.36,12.0
72.0,29.0,,0.0,530.41,10.0
89.0,35.0,,0.0,2030.93,30.0
90.0,26.0,,0.0,2177.61,25.0
65.0,21.0,,0.0,1654.06,14.0
51.0,21.0,,0.0,920.33,17.0
0.0,5.0,,0.0,,0.0
57.0,19.0,,0.0,427.24,6.0
63.0,18.0,,0.0,2375.97,19.0
51.0,18.0,,0.0,981.96,14.0
96.0,19.0,,0.0,2011.77,16.0
68.0,17.0,,0.0,528.97,11.0
89.0,18.0,,0.0,1218.0,11.0
0.0,1.0,,0.0,0.0,0.0
64.0,9.0,,0.0,475.5,8.0
91.0,21.0,,0.0,1155.98,16.0
89.0,31.0,,0.0,829.52,13.0
0.0,2.0,,0.0,0.0,0.0
0.0,21.0,,0.0,771.46,12.0
0.0,5.0,,0.0,0.0,0.0
0.0,17.0,26.54,1.0,1164.86,12.0
,,,,0.0,1.0
105.0,14.0,,0.0,2332.89,28.0
84.0,22.0,,0.0,1165.61,15.0
0.0,1.0,,0.0,0.0,0.0
92.0,10.0,0.0,1.0,352.69,6.0
113.0,17.0,,0.0,799.93,12.0
110.0,16.0,,0.0,1570.3,17.0
118.0,21.0,,0.0,1754.78,16.0
116.0,29.0,32.12,1.0,2105.72,18.0
0.0,2.0,,0.0,0.0,0.0
102.0,23.0,,0.0,1385.85,14.0
135.0,23.0,,0.0,1762.15,20.0
108.0,25.0,0.0,1.0,872.22,12.0
103.0,24.0,,0.0,2092.78,18.0
124.0,26.0,,0.0,1060.66,13.0
100.0,15.0,,0.0,1891.75,13.0
77.0,1.0,,0.0,0.0,0.0
97.0,20.0,,0.0,518.09,10.0
131.0,28.0,,0.0,423.38,6.0
105.0,19.0,,0.0,1688.83,17.0
129.0,12.0,,0.0,1871.57,17.0
106.0,23.0,,0.0,1700.64,21.0
114.0,12.0,,0.0,2101.37,10.0
104.0,20.0,0.0,1.0,1418.0,14.0
87.0,16.0,,0.0,388.0,9.0
0.0,2.0,,0.0,0.0,0.0
100.0,13.0,,0.0,962.32,11.0
85.0,31.0,0.0,2.0,1287.69,14.0
116.0,14.0,,0.0,1289.99,13.0
85.0,18.0,,0.0,649.41,12.0
91.0,16.0,,0.0,1324.47,8.0
0.0,2.0,,0.0,0.0,0.0
82.0,11.0,25.79,1.0,513.4,5.0
73.0,13.0,,0.0,1433.9,13.0
105.0,17.0,,0.0,788.61,10.0
96.0,14.0,,0.0,257.16,5.0
75.0,17.0,,0.0,584.07,10.0
0.0,1.0,,0.0,0.0,0.0
88.0,22.0,,0.0,1047.12,13.0
117.0,13.0,,0.0,732.22,7.0
115.0,22.0,,0.0,442.58,7.0
123.0,26.0,0.0,1.0,853.65,12.0
73.0,19.0,,0.0,1097.44,7.0
0.0,2.0,103.14,1.0,0.0,0.0
87.0,10.0,,0.0,1698.92,21.0
78.0,14.0,,0.0,1443.72,12.0
99.0,20.0,0.0,1.0,1398.96,15.0
46.0,24.0,,0.0,1594.97,20.0
100.0,10.0,,0.0,552.07,5.0
102.0,10.0,,0.0,655.58,10.0
77.0,18.0,,0.0,1519.78,9.0
75.0,25.0,,0.0,750.18,11.0
96.0,19.0,,0.0,141.76,6.0
78.0,14.0,,0.0,1568.13,15.0
0.0,3.0,,0.0,0.0,0.0
117.0,25.0,,0.0,591.28,10.0
102.0,18.0,,0.0,854.15,15.0
20.0,30.0,,0.0,626.1,13.0
0.0,3.0,25.85,1.0,0.0,0.0
75.0,13.0,,0.0,470.29,3.0
62.0,21.0,0.0,1.0,1151.34,7.0
91.0,25.0,,0.0,2060.78,6.0
93.0,19.0,,0.0,1651.15,15.0
97.0,20.0,,0.0,2962.76,35.0
0.0,5.0,,0.0,0.0,0.0
75.0,16.0,,0.0,979.88,15.0
84.0,11.0,,0.0,1032.9,15.0
26.0,20.0,,0.0,1009.79,13.0
59.0,10.0,,0.0,154.22,5.0
59.0,8.0,,0.0,746.42,9.0
98.0,16.0,0.0,1.0,132.64,10.0
92.0,14.0,,0.0,467.47,5.0
71.0,19.0,,0.0,1895.23,15.0
75.0,10.0,,0.0,1340.19,12.0
73.0,24.0,,0.0,807.09,11.0
0.0,2.0,,0.0,0.0,0.0
57.0,4.0,,0.0,154.04,5.0
79.0,21.0,,0.0,156.68,6.0
60.0,17.0,0.0,1.0,632.81,9.0
81.0,17.0,,0.0,1624.2,11.0
95.0,22.0,,0.0,473.55,5.0
77.0,27.0,,0.0,8494.72,39.0
76.0,11.0,,0.0,1177.5,17.0
86.0,24.0,,0.0,1169.08,16.0
82.0,17.0,,0.0,1712.39,10.0
93.0,16.0,,0.0,227.0,6.0
0.0,3.0,,0.0,0.0,0.0
72.0,6.0,0.0,1.0,320.15,4.0
52.0,19.0,5.0,1.0,1728.44,16.0
62.0,13.0,,0.0,1909.28,15.0
50.0,18.0,,0.0,1038.84,8.0
0.0,1.0,0.0,1.0,0.0,0.0
73.0,21.0,0.0,1.0,1147.46,22.0
72.0,18.0,,0.0,261.61,9.0
88.0,12.0,,0.0,473.11,8.0
88.0,22.0,,0.0,910.79,12.0
78.0,13.0,,0.0,549.44,8.0
56.0,14.0,,0.0,2530.83,10.0
96.0,16.0,,0.0,1021.95,6.0
120.0,13.0,,0.0,172.39,5.0
76.0,20.0,,0.0,244.43,5.0
0.0,2.0,,0.0,0.0,0.0
84.0,15.0,,0.0,401.48,4.0
106.0,25.0,,0.0,2855.4,43.0
92.0,13.0,,0.0,2940.49,19.0
76.0,17.0,,0.0,718.42,13.0
79.0,14.0,,0.0,757.81,14.0
0.0,3.0,,0.0,0.0,0.0
68.0,15.0,0.0,1.0,606.72,8.0
64.0,7.0,,0.0,2213.5,18.0
83.0,15.0,,0.0,171.49,6.0
72.0,11.0,0.0,1.0,566.5,6.0
0.0,1.0,,0.0,0.0,0.0
65.0,17.0,0.0,1.0,1381.61,18.0
74.0,22.0,,0.0,334.63,6.0
69.0,17.0,,0.0,823.38,16.0
61.0,16.0,,0.0,2644.42,8.0
71.0,15.0,,0.0,266.56,3.0
74.0,17.0,0.0,1.0,641.82,13.0
76.0,17.0,,0.0,42.81,2.0
96.0,15.0,,0.0,2038.92,13.0
68.0,9.0,,0.0,910.16,10.0
48.0,19.0,,0.0,1940.01,12.0
64.0,20.0,,0.0,2098.77,11.0
90.0,21.0,,0.0,995.34,16.0
0.0,6.0,,0.0,0.0,0.0
52.0,21.0,,0.0,627.45,9.0
59.0,29.0,115.7,1.0,1079.85,15.0
62.0,11.0,,0.0,738.52,8.0
85.0,16.0,,0.0,326.66,4.0
61.0,20.0,,0.0,695.65,11.0
77.0,9.0,,0.0,559.84,7.0
98.0,12.0,,0.0,1147.54,12.0
81.0,20.0,,0.0,290.54,9.0
62.0,25.0,,0.0,1228.66,11.0
82.0,12.0,,0.0,849.43,9.0
0.0,2.0,,0.0,0.0,0.0
58.0,6.0,,0.0,311.97,4.0
44.0,12.0,,0.0,361.51,8.0
52.0,9.0,,0.0,1212.98,6.0
0.0,1.0,,0.0,0.0,0.0
34.0,4.0,,0.0,410.81,4.0
0.0,1.0,,0.0,,0.0
57.0,9.0,0.0,1.0,1094.29,8.0
137.0,8.0,,0.0,0.0,0.0
0.0,3.0,,0.0,166.16,3.0
77.0,3.0,,0.0,279.76,3.0
46.0,4.0,,0.0,168.95,2.0
73.0,6.0,,0.0,402.64,5.0
135.0,4.0,,0.0,198.89,3.0
0.0,4.0,,0.0,347.75,2.0
98.0,3.0,,0.0,907.0,5.0
59.0,12.0,,0.0,255.92,4.0
86.0,6.0,,0.0,1139.44,8.0
178.0,11.0,,0.0,151.91,5.0
69.0,2.0,,0.0,131.01,2.0
67.0,7.0,,0.0,697.92,10.0
68.0,16.0,,0.0,2005.21,18.0
77.0,11.0,,0.0,756.98,9.0
77.0,2.0,,0.0,148.81,6.0
58.0,3.0,,0.0,647.13,9.0
72.0,4.0,,0.0,631.05,9.0
61.0,10.0,,0.0,398.37,4.0
93.0,4.0,,0.0,288.92,3.0
93.0,15.0,16.0,1.0,1177.54,14.0
72.0,30.0,,0.0,919.28,19.0
76.0,17.0,,0.0,1471.09,13.0
83.0,23.0,,0.0,-3410.15,18.0
92.0,22.0,0.0,1.0,214.48,9.0
75.0,12.0,,0.0,148.06,5.0
91.0,7.0,,0.0,150.34,5.0
194.0,11.0,59.78,1.0,540.27,4.0
0.0,2.0,,0.0,0.0,0.0
0.0,8.0,,0.0,,0.0
87.0,6.0,43.5,1.0,787.36,8.0
187.0,6.0,,0.0,1490.69,14.0
0.0,9.0,,0.0,554.38,5.0
133.0,8.0,,0.0,469.84,6.0
107.0,4.0,,0.0,74.8,5.0
97.0,9.0,,0.0,224.84,6.0
123.0,5.0,,0.0,74.01,3.0
117.0,8.0,,0.0,369.11,3.0
123.0,6.0,16.15,1.0,1961.34,10.0
79.0,3.0,,0.0,,0.0
81.0,5.0,,0.0,205.53,4.0
186.0,5.0,23.8,1.0,939.51,5.0
94.0,13.0,64.0,1.0,447.16,6.0
82.0,3.0,,0.0,187.31,2.0
0.0,2.0,,0.0,0.0,0.0
64.0,2.0,,0.0,0.1,1.0
64.0,13.0,,0.0,689.56,6.0
86.0,9.0,,0.0,39.95,1.0
112.0,5.0,0.0,1.0,593.57,8.0
235.0,12.0,,0.0,453.79,7.0
0.0,5.0,,0.0,122.81,2.0
80.0,9.0,22.0,1.0,502.29,5.0
96.0,16.0,,0.0,259.86,4.0
202.0,7.0,,0.0,178.05,2.0
113.0,9.0,,0.0,1227.28,17.0
0.0,1.0,,0.0,0.0,0.0
65.0,6.0,,0.0,1032.11,9.0
91.0,8.0,,0.0,554.73,11.0
0.0,7.0,8.0,1.0,455.17,6.0
99.0,9.0,,0.0,651.28,9.0
54.0,13.0,,0.0,661.64,8.0
0.0,10.0,,0.0,468.4,5.0
0.0,9.0,,0.0,409.06,6.0
0.0,6.0,,0.0,118.34,2.0
70.0,3.0,,0.0,229.82,4.0
110.0,3.0,,0.0,891.31,11.0
205.0,9.0,0.0,1.0,242.9,3.0
0.0,5.0,,0.0,177.67,2.0
95.0,13.0,,0.0,303.77,5.0
230.0,7.0,,0.0,135.28,5.0
0.0,4.0,,0.0,59.78,1.0
92.0,12.0,,0.0,102.16,3.0
85.0,7.0,,0.0,177.64,3.0
112.0,6.0,,0.0,73.75,2.0
0.0,1.0,47.85,1.0,0.0,0.0
81.0,4.0,,0.0,1661.63,10.0
56.0,6.0,,0.0,267.02,7.0
93.0,9.0,-567.12,2.0,437.09,10.0
62.0,5.0,,0.0,265.08,5.0
107.0,6.0,0.0,1.0,467.49,4.0
115.0,2.0,,0.0,285.92,3.0
111.0,5.0,,0.0,193.07,5.0
112.0,8.0,,0.0,34.65,1.0
0.0,1.0,,0.0,0.0,0.0
80.0,1.0,,0.0,95.1,3.0
113.0,5.0,0.0,1.0,862.51,3.0
128.0,6.0,,0.0,715.37,3.0
159.0,5.0,0.0,1.0,534.76,4.0
270.0,3.0,,0.0,287.57,4.0
0.0,1.0,,0.0,29.94,1.0
0.0,1.0,,0.0,0.0,0.0
127.0,5.0,,0.0,105.39,1.0
112.0,5.0,,0.0,127.73,2.0
175.0,8.0,86.55,1.0,,0.0
168.0,7.0,,0.0,769.43,3.0
149.0,3.0,,0.0,253.19,3.0
124.0,1.0,,0.0,123.47,2.0
156.0,6.0,,0.0,512.2,3.0
122.0,4.0,0.0,1.0,0.0,0.0
107.0,3.0,,0.0,1142.88,5.0
107.0,5.0,,0.0,1435.96,3.0
162.0,5.0,,0.0,230.93,3.0
144.0,8.0,,0.0,135.32,2.0
109.0,6.0,,0.0,64.29,2.0
113.0,4.0,,0.0,298.65,2.0
172.0,4.0,,0.0,289.14,3.0
180.0,8.0,,0.0,206.85,4.0
182.0,3.0,,0.0,41.45,1.0
154.0,4.0,0.0,1.0,782.31,7.0
232.0,10.0,,0.0,860.74,6.0
182.0,11.0,,0.0,,0.0
136.0,4.0,,0.0,1810.37,7.0
141.0,3.0,,0.0,1387.57,8.0
174.0,4.0,25.0,1.0,172.79,2.0
136.0,4.0,,0.0,123.8,3.0
162.0,2.0,,0.0,442.97,3.0
120.0,1.0,,0.0,546.31,2.0
109.0,2.0,,0.0,476.74,6.0
149.0,4.0,,0.0,613.23,4.0
130.0,7.0,,0.0,374.72,4.0
163.0,6.0,,0.0,235.25,2.0
138.0,8.0,,0.0,631.44,5.0
73.0,4.0,,0.0,187.76,2.0
63.0,5.0,,0.0,508.25,5.0
83.0,4.0,,0.0,119.19,2.0
66.0,7.0,,0.0,688.02,4.0
86.0,7.0,,0.0,282.91,5.0
79.0,4.0,,0.0,312.11,5.0
73.0,3.0,,0.0,28.79,1.0
105.0,1.0,,0.0,88.81,1.0
92.0,8.0,,0.0,314.98,4.0
89.0,6.0,,0.0,45.25,1.0
101.0,5.0,,0.0,33.96,1.0
108.0,4.0,,0.0,1801.06,8.0
80.0,6.0,0.0,1.0,1137.59,6.0
104.0,6.0,,0.0,640.49,4.0
97.0,1.0,,0.0,121.06,2.0
91.0,4.0,0.0,1.0,45.4,1.0
95.0,7.0,,0.0,637.75,6.0
100.0,2.0,,0.0,442.17,5.0
89.0,10.0,,0.0,240.91,2.0
137.0,2.0,,0.0,144.91,3.0
0.0,1.0,,0.0,0.0,0.0
92.0,1.0,,0.0,127.64,3.0
120.0,5.0,,0.0,356.07,3.0
100.0,7.0,,0.0,1012.41,9.0
114.0,3.0,,0.0,630.7,4.0
142.0,5.0,,0.0,159.22,5.0
109.0,1.0,,0.0,127.76,1.0
123.0,5.0,,0.0,47.44,1.0
78.0,7.0,,0.0,124.26,2.0
120.0,3.0,,0.0,1366.07,14.0
167.0,4.0,,0.0,2373.57,8.0
115.0,4.0,,0.0,1675.94,5.0
108.0,8.0,,0.0,671.14,8.0
117.0,3.0,,0.0,773.33,4.0
115.0,8.0,,0.0,122.57,3.0
136.0,3.0,,0.0,333.59,4.0
88.0,6.0,,0.0,679.63,9.0
133.0,9.0,0.0,1.0,829.03,5.0
123.0,9.0,,0.0,1421.04,7.0
154.0,8.0,,0.0,291.11,4.0
101.0,3.0,,0.0,344.6,2.0
146.0,6.0,0.0,1.0,554.97,5.0
0.0,2.0,,0.0,0.0,0.0
134.0,10.0,,0.0,,0.0
136.0,8.0,,0.0,251.01,3.0
153.0,3.0,,0.0,68.35,2.0
86.0,3.0,,0.0,,0.0
185.0,4.0,,0.0,0.0,0.0
99.0,3.0,,0.0,468.93,5.0
122.0,5.0,,0.0,248.83,4.0
163.0,5.0,,0.0,463.24,3.0
153.0,5.0,,0.0,-152.65,3.0
213.0,5.0,,0.0,1025.55,10.0
108.0,1.0,,0.0,172.39,4.0
150.0,6.0,,0.0,195.8,5.0
117.0,10.0,,0.0,386.55,2.0
182.0,6.0,16.9,1.0,132.87,4.0
197.0,10.0,,0.0,181.77,3.0
119.0,1.0,,0.0,168.61,2.0
126.0,2.0,,0.0,653.78,5.0
167.0,5.0,,0.0,,0.0
154.0,5.0,,0.0,205.22,4.0
123.0,6.0,,0.0,0.0,0.0
173.0,6.0,,0.0,168.79,3.0
217.0,3.0,,0.0,,0.0
0.0,2.0,,0.0,0.0,0.0
147.0,2.0,,0.0,407.67,3.0
164.0,10.0,-50.0,1.0,,0.0
,,,,181.0,1.0
133.0,6.0,,0.0,556.16,5.0
184.0,5.0,,0.0,238.15,5.0
101.0,1.0,,0.0,126.17,1.0
95.0,4.0,,0.0,296.78,3.0
145.0,2.0,,0.0,816.57,2.0
154.0,4.0,,0.0,231.89,2.0
143.0,1.0,,0.0,,0.0
136.0,7.0,,0.0,54.15,1.0
158.0,3.0,,0.0,583.47,5.0
168.0,3.0,,0.0,559.11,5.0
207.0,3.0,,0.0,536.01,5.0
123.0,3.0,,0.0,29.36,1.0
146.0,6.0,,0.0,206.88,2.0
160.0,5.0,,0.0,135.16,2.0
117.0,5.0,0.0,1.0,412.36,6.0
139.0,10.0,,0.0,61.71,1.0
128.0,7.0,,0.0,1627.36,17.0
139.0,7.0,,0.0,1127.43,7.0
149.0,9.0,,0.0,1552.7,11.0
493.0,7.0,,0.0,694.98,6.0
0.0,2.0,,0.0,0.0,0.0
0.0,4.0,,0.0,120.55,2.0
139.0,6.0,,0.0,282.33,3.0
143.0,5.0,,0.0,785.33,9.0
131.0,5.0,0.0,1.0,652.92,6.0
228.0,6.0,,0.0,410.53,8.0
126.0,5.0,,0.0,50.37,1.0
138.0,9.0,,0.0,139.15,3.0
128.0,7.0,0.0,1.0,787.28,7.0
172.0,10.0,,0.0,989.97,9.0
212.0,6.0,,0.0,338.12,4.0
132.0,20.0,0.0,1.0,1111.89,12.0
162.0,9.0,,0.0,1069.74,6.0
165.0,9.0,,0.0,1229.56,5.0
198.0,13.0,,0.0,674.42,6.0
171.0,12.0,,0.0,62.66,2.0
85.0,12.0,,0.0,3836.79,6.0
114.0,5.0,,0.0,87.71,1.0
0.0,1.0,,0.0,90.21,1.0
0.0,2.0,,0.0,367.06,3.0
0.0,3.0,,0.0,597.48,1.0
102.0,2.0,,0.0,80.73,3.0
194.0,5.0,,0.0,657.54,7.0
182.0,5.0,,0.0,,0.0
187.0,2.0,,0.0,,0.0
179.0,2.0,,0.0,0.0,0.0
161.0,1.0,,0.0,25.98,1.0
149.0,3.0,,0.0,454.15,3.0
188.0,2.0,,0.0,246.59,2.0
256.0,5.0,,0.0,365.98,3.0
148.0,2.0,,0.0,437.22,2.0
220.0,6.0,,0.0,0.0,0.0
168.0,4.0,,0.0,,0.0
150.0,2.0,,0.0,1343.07,10.0
192.0,5.0,,0.0,227.27,3.0
166.0,2.0,,0.0,313.24,3.0
180.0,2.0,,0.0,343.82,4.0
150.0,5.0,,0.0,32.66,1.0
158.0,3.0,,0.0,174.93,1.0
234.0,1.0,,0.0,152.02,3.0
180.0,7.0,,0.0,413.53,5.0
183.0,2.0,,0.0,197.06,2.0
183.0,4.0,,0.0,487.23,3.0
203.0,2.0,,0.0,0.0,0.0
401.0,7.0,,0.0,184.56,3.0
207.0,4.0,,0.0,673.85,6.0
242.0,11.0,,0.0,173.42,3.0
165.0,,,,37.39,1.0
230.0,,,,283.23,2.0
303.0,2.0,,0.0,2214.34,4.0
192.0,3.0,,0.0,450.12,3.0
198.0,5.0,,0.0,500.71,4.0
209.0,5.0,,0.0,499.96,3.0
202.0,5.0,,0.0,82.87,3.0
378.0,2.0,,0.0,114.48,2.0
176.0,6.0,-53.0,1.0,315.04,3.0
0.0,1.0,,0.0,0.0,0.0
248.0,3.0,,0.0,566.41,3.0
179.0,4.0,,0.0,1635.62,4.0
287.0,3.0,,0.0,204.72,3.0
240.0,2.0,,0.0,259.79,5.0
349.0,6.0,,0.0,55.81,1.0
0.0,1.0,,0.0,0.0,0.0
241.0,4.0,,0.0,136.81,3.0
217.0,3.0,,0.0,418.07,3.0
223.0,1.0,,0.0,543.86,4.0
268.0,5.0,,0.0,278.25,4.0
372.0,8.0,,0.0,459.8,4.0
972.0,6.0,,0.0,83.52,1.0
0.0,9.0,,0.0,233.66,5.0
0.0,6.0,0.0,1.0,175.33,3.0
216.0,2.0,,0.0,686.37,6.0
291.0,2.0,,0.0,,0.0
403.0,11.0,,0.0,340.58,4.0
251.0,2.0,,0.0,614.73,6.0
301.0,9.0,0.0,1.0,278.46,2.0
336.0,3.0,,0.0,311.92,3.0
465.0,6.0,,0.0,472.35,6.0
311.0,8.0,,0.0,252.81,4.0
304.0,2.0,,0.0,154.11,3.0
304.0,5.0,,0.0,2092.97,6.0
351.0,7.0,0.0,1.0,38.66,1.0
389.0,2.0,,0.0,-78.39,1.0
292.0,2.0,,0.0,23.87,1.0
303.0,6.0,,0.0,815.07,7.0
300.0,4.0,,0.0,315.51,2.0
312.0,4.0,,0.0,128.94,4.0
0.0,8.0,,0.0,0.0,0.0
,,,,676.88,2.0
314.0,,,,66.67,2.0
259.0,,,,,
0.0,4.0,,0.0,227.0,3.0
0.0,2.0,,0.0,707.42,3.0
0.0,5.0,,0.0,730.53,7.0
0.0,1.0,,0.0,0.0,0.0
342.0,4.0,,0.0,77.83,2.0
379.0,5.0,,0.0,351.73,4.0
330.0,5.0,,0.0,452.72,3.0
0.0,1.0,,0.0,0.0,0.0
223.0,3.0,,0.0,124.55,2.0
262.0,4.0,,0.0,351.87,3.0
290.0,5.0,,0.0,41.67,1.0
309.0,1.0,,0.0,510.77,5.0
385.0,2.0,,0.0,83.1,2.0
219.0,3.0,,0.0,62.73,1.0
243.0,3.0,,0.0,520.79,4.0
286.0,4.0,,0.0,107.82,2.0
291.0,4.0,,0.0,43.48,1.0
431.0,2.0,,0.0,165.51,2.0
287.0,2.0,,0.0,0.0,0.0
329.0,3.0,,0.0,18.96,1.0
317.0,7.0,0.0,1.0,,0.0
359.0,,,,70.75,1.0
420.0,4.0,,0.0,809.58,4.0
0.0,1.0,,0.0,0.0,0.0
286.0,6.0,,0.0,455.81,3.0
334.0,3.0,,0.0,133.46,4.0
296.0,5.0,,0.0,264.73,2.0
274.0,1.0,,0.0,0.0,0.0
344.0,3.0,,0.0,465.46,6.0
366.0,4.0,0.0,1.0,172.02,2.0
436.0,4.0,,0.0,0.0,0.0
609.0,1.0,,0.0,341.38,2.0
362.0,4.0,0.0,1.0,,0.0
391.0,3.0,,0.0,,0.0
428.0,1.0,,0.0,,0.0
612.0,4.0,,0.0,310.12,1.0
344.0,,,,308.59,1.0
323.0,,,,84.89,1.0
478.0,,,,,
356.0,2.0,,0.0,352.35,6.0
369.0,6.0,0.0,1.0,276.69,2.0
439.0,2.0,,0.0,107.49,3.0
536.0,6.0,,0.0,368.02,4.0
343.0,2.0,,0.0,120.43,1.0
396.0,3.0,,0.0,736.39,3.0
355.0,3.0,,0.0,419.19,4.0
409.0,7.0,,0.0,205.31,2.0
529.0,2.0,,0.0,633.74,4.0
366.0,3.0,,0.0,868.39,4.0
369.0,1.0,,0.0,183.74,4.0
437.0,5.0,0.0,1.0,182.39,2.0
921.0,3.0,,0.0,331.79,3.0
308.0,6.0,,0.0,328.68,3.0
389.0,7.0,0.0,1.0,165.46,3.0
241.0,5.0,,0.0,,0.0
462.0,2.0,,0.0,68.31,3.0
357.0,7.0,,0.0,27.76,1.0
370.0,5.0,,0.0,150.26,2.0
277.0,2.0,,0.0,57.74,1.0
349.0,4.0,,0.0,116.99,2.0
378.0,1.0,,0.0,357.58,4.0
394.0,2.0,,0.0,136.34,2.0
879.0,3.0,,0.0,384.99,5.0
0.0,2.0,,0.0,0.0,0.0
0.0,2.0,8.0,1.0,145.63,2.0
277.0,5.0,,0.0,118.86,1.0
437.0,3.0,,0.0,270.11,4.0
516.0,1.0,,0.0,253.15,4.0
289.0,3.0,,0.0,,0.0
351.0,4.0,,0.0,132.26,3.0
261.0,6.0,,0.0,0.0,0.0
527.0,1.0,,0.0,199.49,2.0
269.0,2.0,,0.0,196.49,3.0
342.0,6.0,,0.0,121.27,1.0
318.0,2.0,,0.0,22.11,1.0
329.0,4.0,,0.0,0.0,0.0
665.0,1.0,,0.0,,0.0
287.0,,,,165.95,2.0
272.0,2.0,,0.0,735.97,9.0
0.0,1.0,,0.0,0.0,0.0
328.0,1.0,,0.0,295.23,4.0
327.0,2.0,,0.0,507.98,6.0
327.0,4.0,,0.0,186.38,3.0
295.0,5.0,,0.0,1731.48,8.0
0.0,4.0,,0.0,158.67,2.0
0.0,2.0,,0.0,204.21,1.0
0.0,2.0,,0.0,393.73,4.0
0.0,4.0,,0.0,209.02,1.0
492.0,7.0,,0.0,967.25,7.0
670.0,8.0,,0.0,182.47,3.0
478.0,2.0,,0.0,500.4,4.0
326.0,6.0,,0.0,491.69,3.0
408.0,2.0,,0.0,0.0,0.0
0.0,2.0,,0.0,0.0,0.0
325.0,4.0,,0.0,374.4,3.0
351.0,3.0,,0.0,363.58,2.0
459.0,7.0,,0.0,38.08,1.0
425.0,1.0,,0.0,194.85,1.0
629.0,6.0,,0.0,,0.0
415.0,2.0,,0.0,593.04,5.0
395.0,4.0,,0.0,170.17,2.0
373.0,4.0,-4.0,1.0,404.36,3.0
352.0,1.0,,0.0,132.67,2.0
422.0,4.0,,0.0,215.15,4.0
0.0,1.0,,0.0,0.0,0.0
364.0,5.0,0.0,1.0,406.67,3.0
427.0,3.0,,0.0,101.19,2.0
412.0,6.0,,0.0,136.7,3.0
392.0,9.0,,0.0,78.02,1.0
463.0,1.0,,0.0,282.21,1.0
631.0,5.0,0.0,1.0,338.76,2.0
489.0,4.0,0.0,1.0,144.22,2.0
490.0,2.0,,0.0,290.74,2.0
583.0,1.0,,0.0,171.56,2.0
710.0,3.0,,0.0,151.12,1.0
439.0,2.0,,0.0,78.81,2.0
561.0,1.0,,0.0,133.58,1.0
614.0,1.0,,0.0,264.96,4.0
560.0,3.0,,0.0,83.1,2.0
606.0,8.0,,0.0,137.72,2.0
605.0,1.0,,0.0,233.78,4.0
660.0,4.0,,0.0,36.64,1.0
1292.0,1.0,,0.0,51.05,2.0
428.0,2.0,,0.0,121.71,2.0
512.0,3.0,,0.0,0.0,0.0
473.0,3.0,,0.0,204.89,3.0
580.0,3.0,,0.0,457.29,4.0
509.0,10.0,,0.0,388.67,5.0
425.0,2.0,0.0,1.0,24.79,1.0
344.0,2.0,,0.0,296.43,4.0
458.0,6.0,,0.0,200.31,2.0
523.0,4.0,,0.0,163.48,1.0
598.0,3.0,91.5,1.0,0.0,0.0
579.0,5.0,,0.0,166.32,3.0
804.0,3.0,,0.0,0.0,0.0
492.0,4.0,,0.0,0.0,0.0
502.0,5.0,,0.0,238.42,3.0
545.0,4.0,,0.0,157.86,1.0
1575.0,4.0,,0.0,563.67,5.0
547.0,1.0,,0.0,286.13,3.0
0.0,6.0,,0.0,499.41,5.0
0.0,11.0,,0.0,274.21,2.0
0.0,1.0,,0.0,144.58,3.0
0.0,5.0,0.0,1.0,437.2,2.0
0.0,3.0,50.0,2.0,0.0,0.0
0.0,2.0,,0.0,0.0,0.0
0.0,2.0,,0.0,523.41,4.0
0.0,5.0,,0.0,337.64,5.0
0.0,2.0,,0.0,74.37,2.0
742.0,4.0,,0.0,194.18,3.0
697.0,4.0,,0.0,33.55,1.0
1236.0,7.0,0.0,1.0,235.23,4.0
0.0,6.0,,0.0,99.33,1.0
,,,,742.99,5.0
123.0,1.0,,0.0,206.87,1.0
451.0,1.0,,0.0,,0.0
866.0,2.0,,0.0,40.72,1.0
0.0,1.0,,0.0,27.87,1.0
0.0,1.0,,0.0,123.96,1.0
0.0,1.0,,0.0,156.25,2.0
391.0,4.0,,0.0,137.28,1.0
0.0,4.0,,0.0,1051.32,3.0
521.0,3.0,,0.0,240.75,2.0
483.0,3.0,,0.0,510.43,2.0
516.0,3.0,,0.0,640.48,2.0
487.0,3.0,,0.0,137.72,2.0
256.0,3.0,,0.0,313.27,4.0
0.0,1.0,,0.0,0.0,0.0
179.0,2.0,,0.0,238.55,1.0
458.0,1.0,,0.0,0.0,0.0
495.0,2.0,,0.0,23.33,1.0
566.0,1.0,,0.0,79.96,1.0
455.0,,,,,0.0
448.0,1.0,,0.0,235.9,3.0
540.0,2.0,,0.0,196.9,4.0
0.0,2.0,,0.0,803.53,4.0
391.0,5.0,,0.0,623.4,7.0
448.0,4.0,,0.0,20.67,1.0
389.0,2.0,,0.0,506.48,3.0
478.0,1.0,,0.0,39.46,1.0
744.0,3.0,,0.0,95.22,2.0
605.0,2.0,,0.0,1114.22,5.0
421.0,6.0,,0.0,99.68,2.0
468.0,5.0,,0.0,34.9,1.0
607.0,4.0,,0.0,0.0,0.0
391.0,2.0,,0.0,309.16,3.0
473.0,1.0,,0.0,136.47,1.0
546.0,1.0,,0.0,76.09,1.0
463.0,3.0,,0.0,148.64,2.0
448.0,,,,,0.0
1379.0,,,,,0.0
,,,,71.72,1.0
681.0,2.0,,0.0,70.67,1.0
413.0,5.0,,0.0,312.24,4.0
418.0,5.0,,0.0,154.11,3.0
465.0,4.0,,0.0,882.08,4.0
604.0,6.0,,0.0,,0.0
0.0,1.0,,0.0,0.0,0.0
357.0,1.0,,0.0,75.55,1.0
361.0,6.0,,0.0,379.28,3.0
426.0,1.0,,0.0,142.03,3.0
460.0,1.0,,0.0,103.57,1.0
431.0,4.0,,0.0,77.7,2.0
292.0,3.0,,0.0,77.64,2.0
292.0,3.0,,0.0,0.0,0.0
276.0,2.0,,0.0,100.0,1.0
334.0,2.0,,0.0,80.24,2.0
259.0,1.0,,0.0,38.17,1.0
363.0,1.0,,0.0,143.25,3.0
381.0,,,,40.77,1.0
333.0,,,,40.67,1.0
283.0,,,,,0.0
382.0,,,,,
294.0,5.0,,0.0,154.32,2.0
0.0,1.0,,0.0,43.4,1.0
284.0,3.0,,0.0,30.37,1.0
250.0,2.0,,0.0,88.47,1.0
401.0,1.0,,0.0,110.97,3.0
0.0,1.0,,0.0,0.0,0.0
256.0,1.0,,0.0,0.0,0.0
295.0,2.0,,0.0,493.78,1.0
253.0,4.0,,0.0,0.0,0.0
288.0,3.0,,0.0,563.04,4.0
312.0,3.0,,0.0,,0.0
386.0,4.0,,0.0,25.67,1.0
264.0,,,,444.69,6.0
652.0,,,,,0.0
264.0,,,,246.14,1.0
286.0,,,,,0.0
0.0,1.0,,0.0,275.4,3.0
305.0,1.0,,0.0,25.67,1.0
266.0,4.0,,0.0,49.3,1.0
301.0,2.0,,0.0,60.02,2.0
374.0,2.0,,0.0,53.8,2.0
905.0,1.0,,0.0,67.34,2.0
0.0,3.0,,0.0,257.24,2.0
0.0,2.0,,0.0,44.0,1.0
442.0,3.0,,0.0,0.0,0.0
296.0,1.0,,0.0,137.55,2.0
300.0,3.0,,0.0,0.0,0.0
329.0,1.0,,0.0,874.41,4.0
461.0,2.0,,0.0,,0.0
271.0,3.0,,0.0,736.53,5.0
327.0,6.0,,0.0,125.65,2.0
321.0,4.0,,0.0,1106.45,4.0
243.0,,,,,0.0
274.0,,,,163.72,1.0
262.0,,,,139.91,2.0
348.0,1.0,,0.0,509.06,4.0
409.0,1.0,,0.0,263.66,1.0
971.0,2.0,,0.0,101.94,1.0
0.0,1.0,,0.0,161.0,1.0
419.0,2.0,,0.0,483.12,3.0
629.0,1.0,,0.0,0.0,0.0
385.0,1.0,,0.0,98.34,1.0
477.0,2.0,,0.0,,0.0
980.0,1.0,,0.0,0.0,0.0
0.0,2.0,,0.0,1479.38,1.0
384.0,4.0,,0.0,151.5,1.0
442.0,2.0,,0.0,,0.0
817.0,3.0,,0.0,87.74,2.0
0.0,1.0,,0.0,0.0,0.0
0.0,3.0,,0.0,,0.0
385.0,7.0,,0.0,236.6,1.0
277.0,,,,167.77,2.0
359.0,,,,156.73,2.0
463.0,,,,,0.0
351.0,,,,,
388.0,3.0,,0.0,502.87,5.0
451.0,1.0,,0.0,,0.0
553.0,2.0,,0.0,26.77,1.0
359.0,4.0,,0.0,141.34,3.0
367.0,3.0,,0.0,114.47,1.0
375.0,3.0,,0.0,0.0,0.0
0.0,1.0,,0.0,0.0,0.0
398.0,2.0,,0.0,39.7,1.0
405.0,4.0,,0.0,0.0,0.0
400.0,2.0,,0.0,105.37,1.0
411.0,3.0,,0.0,86.16,1.0
581.0,5.0,,0.0,150.0,1.0
321.0,2.0,,0.0,0.0,0.0
363.0,2.0,,0.0,266.15,3.0
434.0,1.0,,0.0,35.57,1.0
373.0,1.0,,0.0,69.77,1.0
830.0,4.0,,0.0,279.4,3.0
0.0,1.0,,0.0,0.0,0.0
0.0,3.0,,0.0,78.07,1.0
412.0,3.0,,0.0,48.6,1.0
360.0,4.0,,0.0,97.84,2.0
450.0,,,,,0.0
509.0,2.0,,0.0,152.56,1.0
347.0,3.0,,0.0,38.58,1.0
340.0,1.0,,0.0,89.54,2.0
405.0,3.0,,0.0,287.01,3.0
0.0,3.0,,0.0,,0.0
0.0,1.0,,0.0,38.69,1.0
0.0,2.0,,0.0,138.1,1.0
617.0,1.0,,0.0,145.77,1.0
349.0,4.0,,0.0,286.87,2.0
445.0,3.0,,0.0,38.27,1.0
487.0,7.0,,0.0,91.56,2.0
565.0,2.0,,0.0,362.22,2.0
339.0,1.0,,0.0,75.33,2.0
393.0,3.0,,0.0,66.3,1.0
579.0,1.0,,0.0,,0.0
227.0,1.0,,0.0,31.75,1.0
0.0,1.0,,0.0,0.0,0.0
503.0,,,,425.69,3.0
334.0,,,,139.7,1.0
209.0,1.0,,0.0,19.09,1.0
409.0,1.0,,0.0,129.17,2.0
389.0,7.0,,0.0,92.3,1.0
406.0,5.0,,0.0,101.39,2.0
210.0,4.0,,0.0,692.96,5.0
325.0,5.0,,0.0,135.18,3.0
383.0,3.0,,0.0,251.98,2.0
409.0,4.0,,0.0,81.91,2.0
347.0,2.0,,0.0,,0.0
329.0,3.0,,0.0,124.53,3.0
356.0,3.0,,0.0,29.07,1.0
386.0,3.0,,0.0,421.45,2.0
567.0,3.0,,0.0,530.08,2.0
1051.0,1.0,,0.0,48.57,1.0
489.0,1.0,,0.0,0.0,0.0
559.0,3.0,,0.0,,0.0
494.0,3.0,,0.0,782.05,4.0
1156.0,2.0,,0.0,36.17,1.0
376.0,1.0,,0.0,,0.0
312.0,,,,,
371.0,,,,,
617.0,2.0,,0.0,240.9,1.0
621.0,1.0,,0.0,224.88,1.0
803.0,1.0,,0.0,66.34,1.0
415.0,2.0,,0.0,165.7,1.0
468.0,5.0,,0.0,290.06,3.0
389.0,5.0,,0.0,60.8,1.0
464.0,5.0,,0.0,48.21,2.0
450.0,3.0,,0.0,110.8,2.0
503.0,2.0,,0.0,109.13,2.0
612.0,6.0,,0.0,32.19,1.0
478.0,3.0,,0.0,24.87,1.0
457.0,2.0,,0.0,,0.0
504.0,1.0,,0.0,,0.0
468.0,1.0,,0.0,166.27,2.0
527.0,2.0,,0.0,23.44,1.0
348.0,2.0,,0.0,255.09,3.0
364.0,2.0,,0.0,220.26,4.0
426.0,5.0,,0.0,181.1,4.0
633.0,6.0,,0.0,204.4,3.0
459.0,3.0,,0.0,127.66,2.0
514.0,1.0,,0.0,501.86,5.0
561.0,4.0,,0.0,162.77,2.0
601.0,6.0,,0.0,162.76,3.0
0.0,2.0,,0.0,0.0,0.0
378.0,1.0,0.0,1.0,143.48,2.0
396.0,3.0,,0.0,284.9,1.0
286.0,3.0,,0.0,379.34,6.0
420.0,1.0,,0.0,0.0,0.0
406.0,4.0,,0.0,30.0,1.0
402.0,2.0,,0.0,11.38,1.0
473.0,1.0,,0.0,47.13,1.0
506.0,2.0,,0.0,435.86,3.0
395.0,4.0,,0.0,470.16,3.0
356.0,2.0,,0.0,0.0,0.0
386.0,2.0,,0.0,279.3,2.0
495.0,1.0,,0.0,486.99,3.0
632.0,4.0,,0.0,175.76,3.0
410.0,2.0,,0.0,131.7,2.0
490.0,7.0,,0.0,0.0,0.0
478.0,4.0,,0.0,104.0,2.0
504.0,6.0,,0.0,114.79,3.0
710.0,2.0,,0.0,40.2,1.0
423.0,1.0,,0.0,,0.0
479.0,7.0,,0.0,0.0,0.0
507.0,2.0,,0.0,56.0,1.0
371.0,3.0,,0.0,220.0,1.0
387.0,5.0,,0.0,190.77,2.0
0.0,1.0,,0.0,0.0,0.0
264.0,,,,,
329.0,1.0,,0.0,179.47,2.0
307.0,6.0,,0.0,19.97,1.0
0.0,3.0,,0.0,112.1,1.0
329.0,4.0,,0.0,241.78,2.0
588.0,1.0,,0.0,114.03,1.0
1104.0,1.0,,0.0,77.39,1.0
376.0,1.0,,0.0,534.65,2.0
386.0,5.0,,0.0,381.4,2.0
516.0,3.0,,0.0,126.0,2.0
384.0,3.0,,0.0,28.5,1.0
400.0,1.0,,0.0,15.7,1.0
429.0,3.0,,0.0,365.0,2.0
661.0,2.0,,0.0,63.7,1.0
439.0,2.0,,0.0,269.0,3.0
544.0,5.0,,0.0,206.99,2.0
319.0,,,,65.03,1.0
427.0,2.0,,0.0,124.0,2.0
397.0,1.0,,0.0,173.0,1.0
398.0,2.0,,0.0,237.79,2.0
573.0,3.0,,0.0,45.3,1.0
449.0,2.0,,0.0,137.5,2.0
974.0,2.0,,0.0,454.93,4.0
479.0,3.0,,0.0,87.0,1.0
650.0,1.0,,0.0,0.0,0.0
412.0,1.0,,0.0,0.0,0.0
564.0,1.0,,0.0,148.7,2.0
292.0,3.0,,0.0,57.5,1.0
373.0,4.0,,0.0,110.23,2.0
1062.0,4.0,,0.0,57.13,1.0
783.0,4.0,,0.0,,0.0
412.0,,,,268.0,1.0
388.0,,,,511.88,2.0
457.0,1.0,,0.0,29.5,1.0
432.0,1.0,,0.0,57.0,1.0
535.0,2.0,,0.0,72.0,2.0
360.0,1.0,,0.0,0.0,0.0
505.0,5.0,,0.0,99.0,1.0
0.0,3.0,,0.0,0.0,0.0
350.0,3.0,,0.0,,0.0
421.0,1.0,0.0,1.0,0.0,0.0
416.0,2.0,,0.0,,0.0
226.0,2.0,,0.0,83.18,1.0
348.0,4.0,0.0,2.0,,0.0
,,,,199.66,2.0
362.0,,,,,0.0
477.0,,,,,
425.0,4.0,0.0,1.0,224.0,2.0
0.0,3.0,,0.0,149.54,1.0
291.0,2.0,,0.0,70.0,1.0
356.0,5.0,126.5,2.0,258.96,5.0
381.0,2.0,,0.0,,0.0
0.0,4.0,0.0,1.0,129.0,3.0
0.0,4.0,,0.0,563.72,4.0
0.0,1.0,,0.0,0.0,0.0
0.0,3.0,,0.0,142.6,2.0
0.0,8.0,97.15,1.0,0.0,0.0
0.0,1.0,,0.0,0.0,0.0
0.0,5.0,0.0,1.0,339.0,2.0
0.0,3.0,0.0,1.0,94.03,1.0
0.0,9.0,25.0,2.0,0.0,0.0
0.0,23.0,-5.0,1.0,100.7,2.0
